fips,cbsa_sub,area_name,nmdda_2023
66010,NCNTY66010N66010,Guam,1
4012,NCNTY04012N04012,"La Paz County, AZ",1
25007,NCNTY25007N25007,"Dukes County, MA",1
15007,NCNTY15007N15007,"Kauai County, HI",1
8113,NCNTY08113N08113,"San Miguel County, CO",1
8091,NCNTY08091N08091,"Ouray County, CO",1
25019,NCNTY25019N25019,"Nantucket County, MA",1
8037,NCNTY08037N08037,"Eagle County, CO",1
69999,NCNTY69999N69999,Northern Mariana Islands,1
78030,NCNTY78030N78030,"St. Thomas Island, VI",1
8117,NCNTY08117N08117,"Summit County, CO",1
12087,NCNTY12087N12087,"Monroe County, FL",1
4007,NCNTY04007N04007,"Gila County, AZ",1
2185,NCNTY02185N02185,"North Slope Borough, AK",1
72923,NCNTY72923N72923,Puerto Rico HUD Nonmetro Area,1
78020,NCNTY78020N78020,"St. John Island, VI",1
60999,NCNTY60999N60999,American Samoa,1
2050,NCNTY02050N02050,"Bethel Census Area, AK",1
8097,NCNTY08097N08097,"Pitkin County, CO",1
41065,NCNTY41065N41065,"Wasco County, OR",1
4017,NCNTY04017N04017,"Navajo County, AZ",1
12045,NCNTY12045N12045,"Gulf County, FL",1
2188,NCNTY02188N02188,"Northwest Arctic Borough, AK",1
6051,NCNTY06051N06051,"Mono County, CA",1
78010,NCNTY78010N78010,"St. Croix Island, VI",1
2180,NCNTY02180N02180,"Nome Census Area, AK",1
15001,NCNTY15001N15001,"Hawaii County, HI",1
41019,NCNTY41019N41019,"Douglas County, OR",1
8107,NCNTY08107N08107,"Routt County, CO",1
2016,NCNTY02016N02016,"Aleutians West Census Area, AK",1
6045,NCNTY06045N06045,"Mendocino County, CA",1
53055,NCNTY53055N53055,"San Juan County, WA",1
4001,NCNTY04001N04001,"Apache County, AZ",1
41041,NCNTY41041N41041,"Lincoln County, OR",1
41015,NCNTY41015N41015,"Curry County, OR",1
4023,NCNTY04023N04023,"Santa Cruz County, AZ",1
22021,NCNTY22021N22021,"Caldwell Parish, LA",1
41027,NCNTY41027N41027,"Hood River County, OR",1
15005,NCNTY15005N15005,"Kalawao County, HI",1
8045,NCNTY08045N08045,"Garfield County, CO",1
22069,NCNTY22069N22069,"Natchitoches Parish, LA",1
22101,NCNTY22101N22101,"St. Mary Parish, LA",1
8049,NCNTY08049N08049,"Grand County, CO",1
4009,NCNTY04009N04009,"Graham County, AZ",1
2150,NCNTY02150N02150,"Kodiak Island Borough, AK",1
23027,NCNTY23027N23027,"Waldo County, ME",1
8007,NCNTY08007N08007,"Archuleta County, CO",1
8067,NCNTY08067N08067,"La Plata County, CO",1
12093,NCNTY12093N12093,"Okeechobee County, FL",1
48273,NCNTY48273N48273,"Kleberg County, TX",1
48007,NCNTY48007N48007,"Aransas County, TX",1
41057,NCNTY41057N41057,"Tillamook County, OR",1
53009,NCNTY53009N53009,"Clallam County, WA",1
6023,NCNTY06023N06023,"Humboldt County, CA",1
41021,NCNTY41021N41021,"Gilliam County, OR",1
48025,NCNTY48025N48025,"Bee County, TX",1
2230,NCNTY02230N02230,"Skagway Municipality, AK",1
48227,NCNTY48227N48227,"Howard County, TX",1
37175,NCNTY37175N37175,"Transylvania County, NC",1
16013,NCNTY16013N16013,"Blaine County, ID",1
22115,NCNTY22115N22115,"Vernon Parish, LA",1
41013,NCNTY41013N41013,"Crook County, OR",1
1017,NCNTY01017N01017,"Chambers County, AL",1
48299,NCNTY48299N48299,"Llano County, TX",1
48287,NCNTY48287N48287,"Lee County, TX",1
8079,NCNTY08079N08079,"Mineral County, CO",1
8111,NCNTY08111N08111,"San Juan County, CO",1
1119,NCNTY01119N01119,"Sumter County, AL",1
48095,NCNTY48095N48095,"Concho County, TX",1
32005,NCNTY32005N32005,"Douglas County, NV",1
35055,NCNTY35055N35055,"Taos County, NM",1
1109,NCNTY01109N01109,"Pike County, AL",1
35009,NCNTY35009N35009,"Curry County, NM",1
13275,NCNTY13275N13275,"Thomas County, GA",1
6043,NCNTY06043N06043,"Mariposa County, CA",1
48471,NCNTY48471N48471,"Walker County, TX",1
53029,NCNTY53029N53029,"Island County, WA",1
6109,NCNTY06109N06109,"Tuolumne County, CA",1
28075,NCNTY28075N28075,"Lauderdale County, MS",1
53045,NCNTY53045N53045,"Mason County, WA",1
41031,NCNTY41031N41031,"Jefferson County, OR",1
8051,NCNTY08051N08051,"Gunnison County, CO",1
12043,NCNTY12043N12043,"Glades County, FL",1
41007,NCNTY41007N41007,"Clatsop County, OR",1
35025,NCNTY35025N35025,"Lea County, NM",1
45047,NCNTY45047N45047,"Greenwood County, SC",1
48371,NCNTY48371N48371,"Pecos County, TX",1
45071,NCNTY45071N45071,"Newberry County, SC",1
16009,NCNTY16009N16009,"Benewah County, ID",1
2070,NCNTY02070N02070,"Dillingham Census Area, AK",1
48337,NCNTY48337N48337,"Montague County, TX",1
48249,NCNTY48249N48249,"Jim Wells County, TX",1
41049,NCNTY41049N41049,"Morrow County, OR",1
2130,NCNTY02130N02130,"Ketchikan Gateway Borough, AK",1
37055,NCNTY37055N37055,"Dare County, NC",1
16071,NCNTY16071N16071,"Oneida County, ID",1
35005,NCNTY35005N35005,"Chaves County, NM",1
12023,NCNTY12023N12023,"Columbia County, FL",1
47155,NCNTY47155N47155,"Sevier County, TN",1
6057,NCNTY06057N06057,"Nevada County, CA",1
53037,NCNTY53037N53037,"Kittitas County, WA",1
6005,NCNTY06005N06005,"Amador County, CA",1
47003,NCNTY47003N47003,"Bedford County, TN",1
8029,NCNTY08029N08029,"Delta County, CO",1
51049,NCNTY51049N51049,"Cumberland County, VA",1
23015,NCNTY23015N23015,"Lincoln County, ME",1
37143,NCNTY37143N37143,"Perquimans County, NC",1
16039,NCNTY16039N16039,"Elmore County, ID",1
48195,NCNTY48195N48195,"Hansford County, TX",1
53031,NCNTY53031N53031,"Jefferson County, WA",1
28019,NCNTY28019N28019,"Choctaw County, MS",1
6033,NCNTY06033N06033,"Lake County, CA",1
37041,NCNTY37041N37041,"Chowan County, NC",1
48117,NCNTY48117N48117,"Deaf Smith County, TX",1
48341,NCNTY48341N48341,"Moore County, TX",1
41011,NCNTY41011N41011,"Coos County, OR",1
48307,NCNTY48307N48307,"McCulloch County, TX",1
40119,NCNTY40119N40119,"Payne County, OK",1
8015,NCNTY08015N08015,"Chaffee County, CO",1
37011,NCNTY37011N37011,"Avery County, NC",1
22097,NCNTY22097N22097,"St. Landry Parish, LA",1
48321,NCNTY48321N48321,"Matagorda County, TX",1
36039,NCNTY36039N36039,"Greene County, NY",1
6027,NCNTY06027N06027,"Inyo County, CA",1
53039,NCNTY53039N53039,"Klickitat County, WA",1
2195,NCNTY02195N02195,Petersburg Borough,1
2240,NCNTY02240N02240,"Southeast Fairbanks Census Area, AK",1
8083,NCNTY08083N08083,"Montezuma County, CO",1
2282,NCNTY02282N02282,"Yakutat City and Borough, AK",1
28109,NCNTY28109N28109,"Pearl River County, MS",1
53041,NCNTY53041N53041,"Lewis County, WA",1
41061,NCNTY41061N41061,"Union County, OR",1
48005,NCNTY48005N48005,"Angelina County, TX",1
16049,NCNTY16049N16049,"Idaho County, ID",1
12049,NCNTY12049N12049,"Hardee County, FL",1
28071,NCNTY28071N28071,"Lafayette County, MS",1
51057,NCNTY51057N51057,"Essex County, VA",1
36105,NCNTY36105N36105,"Sullivan County, NY",1
22117,NCNTY22117N22117,"Washington Parish, LA",1
22119,NCNTY22119N22119,"Webster Parish, LA",1
22039,NCNTY22039N22039,"Evangeline Parish, LA",1
22083,NCNTY22083N22083,"Richland Parish, LA",1
22041,NCNTY22041N22041,"Franklin Parish, LA",1
22029,NCNTY22029N22029,"Concordia Parish, LA",1
22027,NCNTY22027N22027,"Claiborne Parish, LA",1
22127,NCNTY22127N22127,"Winn Parish, LA",1
22013,NCNTY22013N22013,"Bienville Parish, LA",1
22065,NCNTY22065N22065,"Madison Parish, LA",1
22035,NCNTY22035N22035,"East Carroll Parish, LA",1
22107,NCNTY22107N22107,"Tensas Parish, LA",1
22085,NCNTY22085N22085,"Sabine Parish, LA",1
28067,NCNTY28067N28067,"Jones County, MS",1
12067,NCNTY12067N12067,"Lafayette County, FL",1
48205,NCNTY48205N48205,"Hartley County, TX",1
13187,NCNTY13187N13187,"Lumpkin County, GA",1
48075,NCNTY48075N48075,"Childress County, TX",1
48271,NCNTY48271N48271,"Kinney County, TX",1
22061,NCNTY22061N22061,"Lincoln Parish, LA",1
21035,NCNTY21035N21035,"Calloway County, KY",1
51159,NCNTY51159N51159,"Richmond County, VA",1
23013,NCNTY23013N23013,"Knox County, ME",1
48455,NCNTY48455N48455,"Trinity County, TX",1
48385,NCNTY48385N48385,"Real County, TX",1
35041,NCNTY35041N35041,"Roosevelt County, NM",1
1011,NCNTY01011N01011,"Bullock County, AL",1
50025,NCNTY50025N50025,"Windham County, VT",1
28055,NCNTY28055N28055,"Issaquena County, MS",1
41035,NCNTY41035N41035,"Klamath County, OR",1
12107,NCNTY12107N12107,"Putnam County, FL",1
2013,NCNTY02013N02013,"Aleutians East Borough, AK",1
28077,NCNTY28077N28077,"Lawrence County, MS",1
45029,NCNTY45029N45029,"Colleton County, SC",1
28101,NCNTY28101N28101,"Newton County, MS",1
28113,NCNTY28113N28113,"Pike County, MS",1
13285,NCNTY13285N13285,"Troup County, GA",1
53051,NCNTY53051N53051,"Pend Oreille County, WA",1
48241,NCNTY48241N48241,"Jasper County, TX",1
8087,NCNTY08087N08087,"Morgan County, CO",1
48163,NCNTY48163N48163,"Frio County, TX",1
48043,NCNTY48043N48043,"Brewster County, TX",1
16035,NCNTY16035N16035,"Clearwater County, ID",1
6015,NCNTY06015N06015,"Del Norte County, CA",1
45021,NCNTY45021N45021,"Cherokee County, SC",1
48499,NCNTY48499N48499,"Wood County, TX",1
13039,NCNTY13039N13039,"Camden County, GA",1
51147,NCNTY51147N51147,"Prince Edward County, VA",1
37043,NCNTY37043N37043,"Clay County, NC",1
13253,NCNTY13253N13253,"Seminole County, GA",1
37091,NCNTY37091N37091,"Hertford County, NC",1
22009,NCNTY22009N22009,"Avoyelles Parish, LA",1
48049,NCNTY48049N48049,"Brown County, TX",1
48475,NCNTY48475N48475,"Ward County, TX",1
50023,NCNTY50023N50023,"Washington County, VT",1
16065,NCNTY16065N16065,"Madison County, ID",1
16025,NCNTY16025N16025,"Camas County, ID",1
16033,NCNTY16033N16033,"Clark County, ID",1
48349,NCNTY48349N48349,"Navarro County, TX",1
12007,NCNTY12007N12007,"Bradford County, FL",1
48179,NCNTY48179N48179,"Gray County, TX",1
48313,NCNTY48313N48313,"Madison County, TX",1
12063,NCNTY12063N12063,"Jackson County, FL",1
12121,NCNTY12121N12121,"Suwannee County, FL",1
12051,NCNTY12051N12051,"Hendry County, FL",1
12027,NCNTY12027N12027,"DeSoto County, FL",1
12133,NCNTY12133N12133,"Washington County, FL",1
12123,NCNTY12123N12123,"Taylor County, FL",1
12059,NCNTY12059N12059,"Holmes County, FL",1
12079,NCNTY12079N12079,"Madison County, FL",1
12029,NCNTY12029N12029,"Dixie County, FL",1
12125,NCNTY12125N12125,"Union County, FL",1
12047,NCNTY12047N12047,"Hamilton County, FL",1
12077,NCNTY12077N12077,"Liberty County, FL",1
22123,NCNTY22123N22123,"West Carroll Parish, LA",1
28081,NCNTY28081N28081,"Lee County, MS",1
8085,NCNTY08085N08085,"Montrose County, CO",1
23017,NCNTY23017N23017,"Oxford County, ME",1
37083,NCNTY37083N37083,"Halifax County, NC",1
54109,NCNTY54109N54109,"Wyoming County, WV",1
2068,NCNTY02068N02068,"Denali Borough, AK",1
16059,NCNTY16059N16059,"Lemhi County, ID",1
13031,NCNTY13031N13031,"Bulloch County, GA",1
46033,NCNTY46033N46033,"Custer County, SD",1
16063,NCNTY16063N16063,"Lincoln County, ID",1
37113,NCNTY37113N37113,"Macon County, NC",1
8043,NCNTY08043N08043,"Fremont County, CO",1
32021,NCNTY32021N32021,"Mineral County, NV",1
53013,NCNTY53013N53013,"Columbia County, WA",1
54103,NCNTY54103N54103,"Wetzel County, WV",1
1131,NCNTY01131N01131,"Wilcox County, AL",1
29213,NCNTY29213N29213,"Taney County, MO",1
50015,NCNTY50015N50015,"Lamoille County, VT",1
28091,NCNTY28091N28091,"Marion County, MS",1
54097,NCNTY54097N54097,"Upshur County, WV",1
6091,NCNTY06091N06091,"Sierra County, CA",1
8081,NCNTY08081N08081,"Moffat County, CO",1
48031,NCNTY48031N48031,"Blanco County, TX",1
28107,NCNTY28107N28107,"Panola County, MS",1
48265,NCNTY48265N48265,"Kerr County, TX",1
54041,NCNTY54041N54041,"Lewis County, WV",1
35033,NCNTY35033N35033,"Mora County, NM",1
48171,NCNTY48171N48171,"Gillespie County, TX",1
48363,NCNTY48363N48363,"Palo Pinto County, TX",1
37105,NCNTY37105N37105,"Lee County, NC",1
22081,NCNTY22081N22081,"Red River Parish, LA",1
26137,NCNTY26137N26137,"Otsego County, MI",1
37149,NCNTY37149N37149,"Polk County, NC",1
8125,NCNTY08125N08125,"Yuma County, CO",1
33009,NCNTY33009N33009,"Grafton County, NH",1
2105,NCNTY02105N02105,"Hoonah-Angoon Census Area, AK",1
28133,NCNTY28133N28133,"Sunflower County, MS",1
48221,NCNTY48221N48221,"Hood County, TX",1
54025,NCNTY54025N54025,"Greenbrier County, WV",1
48365,NCNTY48365N48365,"Panola County, TX",1
22059,NCNTY22059N22059,"La Salle Parish, LA",1
12037,NCNTY12037N12037,"Franklin County, FL",1
48233,NCNTY48233N48233,"Hutchinson County, TX",1
16047,NCNTY16047N16047,"Gooding County, ID",1
53075,NCNTY53075N53075,"Whitman County, WA",1
29153,NCNTY29153N29153,"Ozark County, MO",1
37177,NCNTY37177N37177,"Tyrrell County, NC",1
51033,NCNTY51033N51033,"Caroline County, VA",1
12013,NCNTY12013N12013,"Calhoun County, FL",1
48213,NCNTY48213N48213,"Henderson County, TX",1
41055,NCNTY41055N41055,"Sherman County, OR",1
16087,NCNTY16087N16087,"Washington County, ID",1
48001,NCNTY48001N48001,"Anderson County, TX",1
40009,NCNTY40009N40009,"Beckham County, OK",1
48425,NCNTY48425N48425,"Somervell County, TX",1
6103,NCNTY06103N06103,"Tehama County, CA",1
16075,NCNTY16075N16075,"Payette County, ID",1
45009,NCNTY45009N45009,"Bamberg County, SC",1
32033,NCNTY32033N32033,"White Pine County, NV",1
48405,NCNTY48405N48405,"San Augustine County, TX",1
13261,NCNTY13261N13261,"Sumter County, GA",1
16037,NCNTY16037N16037,"Custer County, ID",1
50017,NCNTY50017N50017,"Orange County, VT",1
22049,NCNTY22049N22049,"Jackson Parish, LA",1
48357,NCNTY48357N48357,"Ochiltree County, TX",1
6009,NCNTY06009N06009,"Calaveras County, CA",1
8063,NCNTY08063N08063,"Kit Carson County, CO",1
32019,NCNTY32019N32019,"Lyon County, NV",1
28043,NCNTY28043N28043,"Grenada County, MS",1
13147,NCNTY13147N13147,"Hart County, GA",1
48347,NCNTY48347N48347,"Nacogdoches County, TX",1
37139,NCNTY37139N37139,"Pasquotank County, NC",1
33019,NCNTY33019N33019,"Sullivan County, NH",1
48211,NCNTY48211N48211,"Hemphill County, TX",1
6021,NCNTY06021N06021,"Glenn County, CA",1
6011,NCNTY06011N06011,"Colusa County, CA",1
13241,NCNTY13241N13241,"Rabun County, GA",1
45075,NCNTY45075N45075,"Orangeburg County, SC",1
45025,NCNTY45025N45025,"Chesterfield County, SC",1
45089,NCNTY45089N45089,"Williamsburg County, SC",1
45067,NCNTY45067N45067,"Marion County, SC",1
45033,NCNTY45033N45033,"Dillon County, SC",1
45087,NCNTY45087N45087,"Union County, SC",1
45069,NCNTY45069N45069,"Marlboro County, SC",1
45001,NCNTY45001N45001,"Abbeville County, SC",1
45011,NCNTY45011N45011,"Barnwell County, SC",1
45049,NCNTY45049N45049,"Hampton County, SC",1
45061,NCNTY45061N45061,"Lee County, SC",1
28021,NCNTY28021N28021,"Claiborne County, MS",1
45005,NCNTY45005N45005,"Allendale County, SC",1
48389,NCNTY48389N48389,"Reeves County, TX",1
28149,NCNTY28149N28149,"Warren County, MS",1
28005,NCNTY28005N28005,"Amite County, MS",1
54101,NCNTY54101N54101,"Webster County, WV",1
51119,NCNTY51119N51119,"Middlesex County, VA",1
48411,NCNTY48411N48411,"San Saba County, TX",1
48153,NCNTY48153N48153,"Floyd County, TX",1
13311,NCNTY13311N13311,"White County, GA",1
45043,NCNTY45043N45043,"Georgetown County, SC",1
48417,NCNTY48417N48417,"Shackelford County, TX",1
48109,NCNTY48109N48109,"Culberson County, TX",1
48155,NCNTY48155N48155,"Foard County, TX",1
48443,NCNTY48443N48443,"Terrell County, TX",1
48261,NCNTY48261N48261,"Kenedy County, TX",1
13281,NCNTY13281N13281,"Towns County, GA",1
28085,NCNTY28085N28085,"Lincoln County, MS",1
16017,NCNTY16017N16017,"Bonner County, ID",1
8027,NCNTY08027N08027,"Custer County, CO",1
48293,NCNTY48293N48293,"Limestone County, TX",1
13011,NCNTY13011N13011,"Banks County, GA",1
8073,NCNTY08073N08073,"Lincoln County, CO",1
53049,NCNTY53049N53049,"Pacific County, WA",1
5013,NCNTY05013N05013,"Calhoun County, AR",1
5099,NCNTY05099N05099,"Nevada County, AR",1
2220,NCNTY02220N02220,"Sitka City and Borough, AK",1
41045,NCNTY41045N41045,"Malheur County, OR",1
32023,NCNTY32023N32023,"Nye County, NV",1
28151,NCNTY28151N28151,"Washington County, MS",1
28011,NCNTY28011N28011,"Bolivar County, MS",1
28001,NCNTY28001N28001,"Adams County, MS",1
28099,NCNTY28099N28099,"Neshoba County, MS",1
28083,NCNTY28083N28083,"Leflore County, MS",1
28123,NCNTY28123N28123,"Scott County, MS",1
28117,NCNTY28117N28117,"Prentiss County, MS",1
28139,NCNTY28139N28139,"Tippah County, MS",1
28027,NCNTY28027N28027,"Coahoma County, MS",1
28079,NCNTY28079N28079,"Leake County, MS",1
28141,NCNTY28141N28141,"Tishomingo County, MS",1
28025,NCNTY28025N28025,"Clay County, MS",1
28007,NCNTY28007N28007,"Attala County, MS",1
28159,NCNTY28159N28159,"Winston County, MS",1
28017,NCNTY28017N28017,"Chickasaw County, MS",1
28061,NCNTY28061N28061,"Jasper County, MS",1
28147,NCNTY28147N28147,"Walthall County, MS",1
28013,NCNTY28013N28013,"Calhoun County, MS",1
28135,NCNTY28135N28135,"Tallahatchie County, MS",1
28161,NCNTY28161N28161,"Yalobusha County, MS",1
28065,NCNTY28065N28065,"Jefferson Davis County, MS",1
28103,NCNTY28103N28103,"Noxubee County, MS",1
28097,NCNTY28097N28097,"Montgomery County, MS",1
28069,NCNTY28069N28069,"Kemper County, MS",1
28157,NCNTY28157N28157,"Wilkinson County, MS",1
28053,NCNTY28053N28053,"Humphreys County, MS",1
28037,NCNTY28037N28037,"Franklin County, MS",1
28009,NCNTY28009N28009,"Benton County, MS",1
28063,NCNTY28063N28063,"Jefferson County, MS",1
28119,NCNTY28119N28119,"Quitman County, MS",1
28125,NCNTY28125N28125,"Sharkey County, MS",1
48465,NCNTY48465N48465,"Val Verde County, TX",1
1047,NCNTY01047N01047,"Dallas County, AL",0
21213,NCNTY21213N21213,"Simpson County, KY",0
16079,NCNTY16079N16079,"Shoshone County, ID",0
48159,NCNTY48159N48159,"Franklin County, TX",0
8071,NCNTY08071N08071,"Las Animas County, CO",0
4011,NCNTY04011N04011,"Greenlee County, AZ",0
16003,NCNTY16003N16003,"Adams County, ID",0
48137,NCNTY48137N48137,"Edwards County, TX",0
23009,NCNTY23009N23009,"Hancock County, ME",0
48083,NCNTY48083N48083,"Coleman County, TX",0
48319,NCNTY48319N48319,"Mason County, TX",0
47117,NCNTY47117N47117,"Marshall County, TN",0
50001,NCNTY50001N50001,"Addison County, VT",0
28057,NCNTY28057N28057,"Itawamba County, MS",0
2110,NCNTY02110N02110,"Juneau City and Borough, AK",0
29201,NCNTY29201N29201,"Scott County, MO",0
48223,NCNTY48223N48223,"Hopkins County, TX",0
41001,NCNTY41001N41001,"Baker County, OR",0
40035,NCNTY40035N40035,"Craig County, OK",0
8055,NCNTY08055N08055,"Huerfano County, CO",0
28003,NCNTY28003N28003,"Alcorn County, MS",0
35031,NCNTY35031N35031,"McKinley County, NM",0
35035,NCNTY35035N35035,"Otero County, NM",0
35039,NCNTY35039N35039,"Rio Arriba County, NM",0
24011,NCNTY24011N24011,"Caroline County, MD",0
35047,NCNTY35047N35047,"San Miguel County, NM",0
35006,NCNTY35006N35006,"Cibola County, NM",0
35029,NCNTY35029N35029,"Luna County, NM",0
35053,NCNTY35053N35053,"Socorro County, NM",0
35007,NCNTY35007N35007,"Colfax County, NM",0
35051,NCNTY35051N35051,"Sierra County, NM",0
35037,NCNTY35037N35037,"Quay County, NM",0
35019,NCNTY35019N35019,"Guadalupe County, NM",0
35023,NCNTY35023N35023,"Hidalgo County, NM",0
35003,NCNTY35003N35003,"Catron County, NM",0
35021,NCNTY35021N35021,"Harding County, NM",0
1121,NCNTY01121N01121,"Talladega County, AL",0
41059,NCNTY41059N41059,"Umatilla County, OR",0
54055,NCNTY54055N54055,"Mercer County, WV",0
54045,NCNTY54045N54045,"Logan County, WV",0
54067,NCNTY54067N54067,"Nicholas County, WV",0
54059,NCNTY54059N54059,"Mingo County, WV",0
54047,NCNTY54047N54047,"McDowell County, WV",0
54001,NCNTY54001N54001,"Barbour County, WV",0
54087,NCNTY54087N54087,"Roane County, WV",0
54007,NCNTY54007N54007,"Braxton County, WV",0
54063,NCNTY54063N54063,"Monroe County, WV",0
54089,NCNTY54089N54089,"Summers County, WV",0
54085,NCNTY54085N54085,"Ritchie County, WV",0
54013,NCNTY54013N54013,"Calhoun County, WV",0
54071,NCNTY54071N54071,"Pendleton County, WV",0
19139,NCNTY19139N19139,"Muscatine County, IA",0
40013,NCNTY40013N40013,"Bryan County, OK",0
1037,NCNTY01037N01037,"Coosa County, AL",0
50003,NCNTY50003N50003,"Bennington County, VT",0
33005,NCNTY33005N33005,"Cheshire County, NH",0
23025,NCNTY23025N23025,"Somerset County, ME",0
21021,NCNTY21021N21021,"Boyle County, KY",0
28115,NCNTY28115N28115,"Pontotoc County, MS",0
13237,NCNTY13237N13237,"Putnam County, GA",0
33001,NCNTY33001N33001,"Belknap County, NH",0
50027,NCNTY50027N50027,"Windsor County, VT",0
48185,NCNTY48185N48185,"Grimes County, TX",0
41023,NCNTY41023N41023,"Grant County, OR",0
8075,NCNTY08075N08075,"Logan County, CO",0
8095,NCNTY08095N08095,"Phillips County, CO",0
6093,NCNTY06093N06093,"Siskiyou County, CA",0
26101,NCNTY26101N26101,"Manistee County, MI",0
54049,NCNTY54049N54049,"Marion County, WV",0
13299,NCNTY13299N13299,"Ware County, GA",0
54053,NCNTY54053N54053,"Mason County, WV",0
6003,NCNTY06003N06003,"Alpine County, CA",0
33013,NCNTY33013N33013,"Merrimack County, NH",0
48467,NCNTY48467N48467,"Van Zandt County, TX",0
54031,NCNTY54031N54031,"Hardy County, WV",0
13317,NCNTY13317N13317,"Wilkes County, GA",0
8103,NCNTY08103N08103,"Rio Blanco County, CO",0
54095,NCNTY54095N54095,"Tyler County, WV",0
40121,NCNTY40121N40121,"Pittsburg County, OK",0
29159,NCNTY29159N29159,"Pettis County, MO",0
48143,NCNTY48143N48143,"Erath County, TX",0
35017,NCNTY35017N35017,"Grant County, NM",0
1087,NCNTY01087N01087,"Macon County, AL",0
5005,NCNTY05005N05005,"Baxter County, AR",0
8003,NCNTY08003N08003,"Alamosa County, CO",0
13131,NCNTY13131N13131,"Grady County, GA",0
47083,NCNTY47083N47083,"Houston County, TN",0
40139,NCNTY40139N40139,"Texas County, OK",0
21197,NCNTY21197N21197,"Powell County, KY",0
48277,NCNTY48277N48277,"Lamar County, TX",0
29131,NCNTY29131N29131,"Miller County, MO",0
35027,NCNTY35027N35027,"Lincoln County, NM",0
35059,NCNTY35059N35059,"Union County, NM",0
23029,NCNTY23029N23029,"Washington County, ME",0
48481,NCNTY48481N48481,"Wharton County, TX",0
48089,NCNTY48089N48089,"Colorado County, TX",0
28145,NCNTY28145N28145,"Union County, MS",0
37039,NCNTY37039N37039,"Cherokee County, NC",0
28153,NCNTY28153N28153,"Wayne County, MS",0
24029,NCNTY24029N24029,"Kent County, MD",0
48383,NCNTY48383N48383,"Reagan County, TX",0
49025,NCNTY49025N49025,"Kane County, UT",0
13233,NCNTY13233N13233,"Polk County, GA",0
48399,NCNTY48399N48399,"Runnels County, TX",0
24041,NCNTY24041N24041,"Talbot County, MD",0
13229,NCNTY13229N13229,"Pierce County, GA",0
35011,NCNTY35011N35011,"De Baca County, NM",0
6035,NCNTY06035N06035,"Lassen County, CA",0
32013,NCNTY32013N32013,"Humboldt County, NV",0
54017,NCNTY54017N54017,"Doddridge County, WV",0
1105,NCNTY01105N01105,"Perry County, AL",0
8065,NCNTY08065N08065,"Lake County, CO",0
1043,NCNTY01043N01043,"Cullman County, AL",0
48415,NCNTY48415N48415,"Scurry County, TX",0
32001,NCNTY32001N32001,"Churchill County, NV",0
32007,NCNTY32007N32007,"Elko County, NV",0
48477,NCNTY48477N48477,"Washington County, TX",0
20175,NCNTY20175N20175,"Seward County, KS",0
48267,NCNTY48267N48267,"Kimble County, TX",0
16031,NCNTY16031N16031,"Cassia County, ID",0
37107,NCNTY37107N37107,"Lenoir County, NC",0
21199,NCNTY21199N21199,"Pulaski County, KY",0
40097,NCNTY40097N40097,"Mayes County, OK",0
51131,NCNTY51131N51131,"Northampton County, VA",0
41063,NCNTY41063N41063,"Wallowa County, OR",0
48217,NCNTY48217N48217,"Hill County, TX",0
21205,NCNTY21205N21205,"Rowan County, KY",0
42035,NCNTY42035N42035,"Clinton County, PA",0
48243,NCNTY48243N48243,"Jeff Davis County, TX",0
16081,NCNTY16081N16081,"Teton County, ID",0
51103,NCNTY51103N51103,"Lancaster County, VA",0
39009,NCNTY39009N39009,"Athens County, OH",0
30029,NCNTY30029N30029,"Flathead County, MT",0
28039,NCNTY28039N28039,"George County, MS",0
8121,NCNTY08121N08121,"Washington County, CO",0
5057,NCNTY05057N05057,"Hempstead County, AR",0
40041,NCNTY40041N40041,"Delaware County, OK",0
48003,NCNTY48003N48003,"Andrews County, TX",0
37131,NCNTY37131N37131,"Northampton County, NC",0
30067,NCNTY30067N30067,"Park County, MT",0
48373,NCNTY48373N48373,"Polk County, TX",0
13123,NCNTY13123N13123,"Gilmer County, GA",0
36077,NCNTY36077N36077,"Otsego County, NY",0
26113,NCNTY26113N26113,"Missaukee County, MI",0
13009,NCNTY13009N13009,"Baldwin County, GA",0
29169,NCNTY29169N29169,"Pulaski County, MO",0
48053,NCNTY48053N48053,"Burnet County, TX",0
23007,NCNTY23007N23007,"Franklin County, ME",0
5023,NCNTY05023N05023,"Cleburne County, AR",0
8025,NCNTY08025N08025,"Crowley County, CO",0
21009,NCNTY21009N21009,"Barren County, KY",0
13105,NCNTY13105N13105,"Elbert County, GA",0
48127,NCNTY48127N48127,"Dimmit County, TX",0
37031,NCNTY37031N37031,"Carteret County, NC",0
18031,NCNTY18031N18031,"Decatur County, IN",0
37195,NCNTY37195N37195,"Wilson County, NC",0
48097,NCNTY48097N48097,"Cooke County, TX",0
21195,NCNTY21195N21195,"Pike County, KY",0
53001,NCNTY53001N53001,"Adams County, WA",0
29161,NCNTY29161N29161,"Phelps County, MO",0
29217,NCNTY29217N29217,"Vernon County, MO",0
13129,NCNTY13129N13129,"Gordon County, GA",0
13175,NCNTY13175N13175,"Laurens County, GA",0
13071,NCNTY13071N13071,"Colquitt County, GA",0
13069,NCNTY13069N13069,"Coffee County, GA",0
13305,NCNTY13305N13305,"Wayne County, GA",0
13087,NCNTY13087N13087,"Decatur County, GA",0
13293,NCNTY13293N13293,"Upson County, GA",0
13279,NCNTY13279N13279,"Toombs County, GA",0
13055,NCNTY13055N13055,"Chattooga County, GA",0
13119,NCNTY13119N13119,"Franklin County, GA",0
13267,NCNTY13267N13267,"Tattnall County, GA",0
13107,NCNTY13107N13107,"Emanuel County, GA",0
13205,NCNTY13205N13205,"Mitchell County, GA",0
13081,NCNTY13081N13081,"Crisp County, GA",0
13303,NCNTY13303N13303,"Washington County, GA",0
13091,NCNTY13091N13091,"Dodge County, GA",0
13001,NCNTY13001N13001,"Appling County, GA",0
13019,NCNTY13019N13019,"Berrien County, GA",0
13075,NCNTY13075N13075,"Cook County, GA",0
13017,NCNTY13017N13017,"Ben Hill County, GA",0
13163,NCNTY13163N13163,"Jefferson County, GA",0
13161,NCNTY13161N13161,"Jeff Davis County, GA",0
13251,NCNTY13251N13251,"Screven County, GA",0
13049,NCNTY13049N13049,"Charlton County, GA",0
13271,NCNTY13271N13271,"Telfair County, GA",0
13193,NCNTY13193N13193,"Macon County, GA",0
13093,NCNTY13093N13093,"Dooly County, GA",0
13005,NCNTY13005N13005,"Bacon County, GA",0
13043,NCNTY13043N13043,"Candler County, GA",0
13099,NCNTY13099N13099,"Early County, GA",0
13109,NCNTY13109N13109,"Evans County, GA",0
13235,NCNTY13235N13235,"Pulaski County, GA",0
13155,NCNTY13155N13155,"Irwin County, GA",0
13167,NCNTY13167N13167,"Johnson County, GA",0
13287,NCNTY13287N13287,"Turner County, GA",0
13319,NCNTY13319N13319,"Wilkinson County, GA",0
13315,NCNTY13315N13315,"Wilcox County, GA",0
13141,NCNTY13141N13141,"Hancock County, GA",0
13165,NCNTY13165N13165,"Jenkins County, GA",0
13209,NCNTY13209N13209,"Montgomery County, GA",0
13003,NCNTY13003N13003,"Atkinson County, GA",0
13269,NCNTY13269N13269,"Taylor County, GA",0
13309,NCNTY13309N13309,"Wheeler County, GA",0
13065,NCNTY13065N13065,"Clinch County, GA",0
13243,NCNTY13243N13243,"Randolph County, GA",0
13201,NCNTY13201N13201,"Miller County, GA",0
13037,NCNTY13037N13037,"Calhoun County, GA",0
13301,NCNTY13301N13301,"Warren County, GA",0
13249,NCNTY13249N13249,"Schley County, GA",0
13061,NCNTY13061N13061,"Clay County, GA",0
13307,NCNTY13307N13307,"Webster County, GA",0
13239,NCNTY13239N13239,"Quitman County, GA",0
13265,NCNTY13265N13265,"Taliaferro County, GA",0
49051,NCNTY49051N49051,"Wasatch County, UT",0
2100,NCNTY02100N02100,"Haines Borough, AK",0
51081,NCNTY51081N51081,"Greensville County-Emporia city, VA HUD Nonmetro FMR Area",0
50021,NCNTY50021N50021,"Rutland County, VT",0
21173,NCNTY21173N21173,"Montgomery County, KY",0
56039,NCNTY56039N56039,"Teton County, WY",0
1049,NCNTY01049N01049,"DeKalb County, AL",0
1071,NCNTY01071N01071,"Jackson County, AL",0
1053,NCNTY01053N01053,"Escambia County, AL",0
1059,NCNTY01059N01059,"Franklin County, AL",0
1093,NCNTY01093N01093,"Marion County, AL",0
1005,NCNTY01005N01005,"Barbour County, AL",0
1019,NCNTY01019N01019,"Cherokee County, AL",0
1133,NCNTY01133N01133,"Winston County, AL",0
1025,NCNTY01025N01025,"Clarke County, AL",0
1111,NCNTY01111N01111,"Randolph County, AL",0
1099,NCNTY01099N01099,"Monroe County, AL",0
1013,NCNTY01013N01013,"Butler County, AL",0
1057,NCNTY01057N01057,"Fayette County, AL",0
1027,NCNTY01027N01027,"Clay County, AL",0
1075,NCNTY01075N01075,"Lamar County, AL",0
1023,NCNTY01023N01023,"Choctaw County, AL",0
1035,NCNTY01035N01035,"Conecuh County, AL",0
38053,NCNTY38053N38053,"McKenzie County, ND",0
37189,NCNTY37189N37189,"Watauga County, NC",0
48323,NCNTY48323N48323,"Maverick County, TX",0
40101,NCNTY40101N40101,"Muskogee County, OK",0
40079,NCNTY40079N40079,"Le Flore County, OK",0
40021,NCNTY40021N40021,"Cherokee County, OK",0
40071,NCNTY40071N40071,"Kay County, OK",0
40089,NCNTY40089N40089,"McCurtain County, OK",0
40115,NCNTY40115N40115,"Ottawa County, OK",0
40015,NCNTY40015N40015,"Caddo County, OK",0
40049,NCNTY40049N40049,"Garvin County, OK",0
40133,NCNTY40133N40133,"Seminole County, OK",0
40001,NCNTY40001N40001,"Adair County, OK",0
40091,NCNTY40091N40091,"McIntosh County, OK",0
40095,NCNTY40095N40095,"Marshall County, OK",0
40023,NCNTY40023N40023,"Choctaw County, OK",0
40005,NCNTY40005N40005,"Atoka County, OK",0
40063,NCNTY40063N40063,"Hughes County, OK",0
40061,NCNTY40061N40061,"Haskell County, OK",0
40107,NCNTY40107N40107,"Okfuskee County, OK",0
40127,NCNTY40127N40127,"Pushmataha County, OK",0
40069,NCNTY40069N40069,"Johnston County, OK",0
40077,NCNTY40077N40077,"Latimer County, OK",0
40105,NCNTY40105N40105,"Nowata County, OK",0
40011,NCNTY40011N40011,"Blaine County, OK",0
40075,NCNTY40075N40075,"Kiowa County, OK",0
40141,NCNTY40141N40141,"Tillman County, OK",0
40055,NCNTY40055N40055,"Greer County, OK",0
40067,NCNTY40067N40067,"Jefferson County, OK",0
40029,NCNTY40029N40029,"Coal County, OK",0
40007,NCNTY40007N40007,"Beaver County, OK",0
40025,NCNTY40025N40025,"Cimarron County, OK",0
47141,NCNTY47141N47141,"Putnam County, TN",0
54075,NCNTY54075N54075,"Pocahontas County, WV",0
5001,NCNTY05001N05001,"Arkansas County, AR",0
47185,NCNTY47185N47185,"White County, TN",0
36021,NCNTY36021N36021,"Columbia County, NY",0
28155,NCNTY28155N28155,"Webster County, MS",0
5115,NCNTY05115N05115,"Pope County, AR",0
26055,NCNTY26055N26055,"Grand Traverse County, MI",0
26047,NCNTY26047N26047,"Emmet County, MI",0
26091,NCNTY26091N26091,"Lenawee County, MI",0
13257,NCNTY13257N13257,"Stephens County, GA",0
16067,NCNTY16067N16067,"Minidoka County, ID",0
53047,NCNTY53047N53047,"Okanogan County, WA",0
1091,NCNTY01091N01091,"Marengo County, AL",0
16061,NCNTY16061N16061,"Lewis County, ID",0
48353,NCNTY48353N48353,"Nolan County, TX",0
40065,NCNTY40065N40065,"Jackson County, OK",0
30057,NCNTY30057N30057,"Madison County, MT",0
20181,NCNTY20181N20181,"Sherman County, KS",0
20055,NCNTY20055N20055,"Finney County, KS",0
48177,NCNTY48177N48177,"Gonzales County, TX",0
31167,NCNTY31167N31167,"Stanton County, NE",0
9005,NCNTY09005N09005,"Litchfield County, CT",0
48445,NCNTY48445N48445,"Terry County, TX",0
42127,NCNTY42127N42127,"Wayne County, PA",0
33003,NCNTY33003N33003,"Carroll County, NH",0
45073,NCNTY45073N45073,"Oconee County, SC",0
28105,NCNTY28105N28105,"Oktibbeha County, MS",0
21145,NCNTY21145N21145,"McCracken County, KY",0
48073,NCNTY48073N48073,"Cherokee County, TX",0
42117,NCNTY42117N42117,"Tioga County, PA",0
40019,NCNTY40019N40019,"Carter County, OK",0
1123,NCNTY01123N01123,"Tallapoosa County, AL",0
26059,NCNTY26059N26059,"Hillsdale County, MI",0
48391,NCNTY48391N48391,"Refugio County, TX",0
8053,NCNTY08053N08053,"Hinsdale County, CO",0
35015,NCNTY35015N35015,"Eddy County, NM",0
37181,NCNTY37181N37181,"Vance County, NC",0
26073,NCNTY26073N26073,"Isabella County, MI",0
48035,NCNTY48035N48035,"Bosque County, TX",0
8089,NCNTY08089N08089,"Otero County, CO",0
36041,NCNTY36041N36041,"Hamilton County, NY",0
51135,NCNTY51135N51135,"Nottoway County, VA",0
47177,NCNTY47177N47177,"Warren County, TN",0
28095,NCNTY28095N28095,"Monroe County, MS",0
26123,NCNTY26123N26123,"Newaygo County, MI",0
21223,NCNTY21223N21223,"Trimble County, KY",0
48289,NCNTY48289N48289,"Leon County, TX",0
37095,NCNTY37095N37095,"Hyde County, NC",0
13007,NCNTY13007N13007,"Baker County, GA",0
54021,NCNTY54021N54021,"Gilmer County, WV",0
5141,NCNTY05141N05141,"Van Buren County, AR",0
20057,NCNTY20057N20057,"Ford County, KS",0
48263,NCNTY48263N48263,"Kent County, TX",0
37005,NCNTY37005N37005,"Alleghany County, NC",0
13023,NCNTY13023N13023,"Bleckley County, GA",0
1029,NCNTY01029N01029,"Cleburne County, AL",0
20025,NCNTY20025N20025,"Clark County, KS",0
1095,NCNTY01095N01095,"Marshall County, AL",0
30021,NCNTY30021N30021,"Dawson County, MT",0
37061,NCNTY37061N37061,"Duplin County, NC",0
48169,NCNTY48169N48169,"Garza County, TX",0
6105,NCNTY06105N06105,"Trinity County, CA",0
41037,NCNTY41037N41037,"Lake County, OR",0
40039,NCNTY40039N40039,"Custer County, OK",0
26039,NCNTY26039N26039,"Crawford County, MI",0
53043,NCNTY53043N53043,"Lincoln County, WA",0
36035,NCNTY36035N36035,"Fulton County, NY",0
13277,NCNTY13277N13277,"Tift County, GA",0
21125,NCNTY21125N21125,"Laurel County, KY",0
21159,NCNTY21159N21159,"Martin County, KY",0
53027,NCNTY53027N53027,"Grays Harbor County, WA",0
54083,NCNTY54083N54083,"Randolph County, WV",0
29163,NCNTY29163N29163,"Pike County, MO",0
6063,NCNTY06063N06063,"Plumas County, CA",0
48123,NCNTY48123N48123,"DeWitt County, TX",0
26033,NCNTY26033N26033,"Chippewa County, MI",0
42053,NCNTY42053N42053,"Forest County, PA",0
48225,NCNTY48225N48225,"Houston County, TX",0
26019,NCNTY26019N26019,"Benzie County, MI",0
49021,NCNTY49021N49021,"Iron County, UT",0
5059,NCNTY05059N05059,"Hot Spring County, AR",0
40057,NCNTY40057N40057,"Harmon County, OK",0
39101,NCNTY39101N39101,"Marion County, OH",0
45065,NCNTY45065N45065,"McCormick County, SC",0
1039,NCNTY01039N01039,"Covington County, AL",0
28023,NCNTY28023N28023,"Clarke County, MS",0
54023,NCNTY54023N54023,"Grant County, WV",0
29187,NCNTY29187N29187,"St. Francois County, MO",0
47099,NCNTY47099N47099,"Lawrence County, TN",0
51163,NCNTY51163N51163,"Rockbridge County-Buena Vista city-Lexington city, VA HUD Nonmetr",0
47081,NCNTY47081N47081,"Hickman County, TN",0
13283,NCNTY13283N13283,"Treutlen County, GA",0
26023,NCNTY26023N26023,"Branch County, MI",0
19117,NCNTY19117N19117,"Lucas County, IA",0
29203,NCNTY29203N29203,"Shannon County, MO",0
55095,NCNTY55095N55095,"Polk County, WI",0
8033,NCNTY08033N08033,"Dolores County, CO",0
48427,NCNTY48427N48427,"Starr County, TX",0
48189,NCNTY48189N48189,"Hale County, TX",0
48449,NCNTY48449N48449,"Titus County, TX",0
48067,NCNTY48067N48067,"Cass County, TX",0
48407,NCNTY48407N48407,"San Jacinto County, TX",0
48463,NCNTY48463N48463,"Uvalde County, TX",0
48419,NCNTY48419N48419,"Shelby County, TX",0
48219,NCNTY48219N48219,"Hockley County, TX",0
48489,NCNTY48489N48489,"Willacy County, TX",0
48133,NCNTY48133N48133,"Eastland County, TX",0
48505,NCNTY48505N48505,"Zapata County, TX",0
48093,NCNTY48093N48093,"Comanche County, TX",0
48279,NCNTY48279N48279,"Lamb County, TX",0
48487,NCNTY48487N48487,"Wilbarger County, TX",0
48063,NCNTY48063N48063,"Camp County, TX",0
48115,NCNTY48115N48115,"Dawson County, TX",0
48351,NCNTY48351N48351,"Newton County, TX",0
48343,NCNTY48343N48343,"Morris County, TX",0
48387,NCNTY48387N48387,"Red River County, TX",0
48403,NCNTY48403N48403,"Sabine County, TX",0
48131,NCNTY48131N48131,"Duval County, TX",0
48315,NCNTY48315N48315,"Marion County, TX",0
48507,NCNTY48507N48507,"Zavala County, TX",0
48429,NCNTY48429N48429,"Stephens County, TX",0
48069,NCNTY48069N48069,"Castro County, TX",0
48047,NCNTY48047N48047,"Brooks County, TX",0
48437,NCNTY48437N48437,"Swisher County, TX",0
48017,NCNTY48017N48017,"Bailey County, TX",0
48283,NCNTY48283N48283,"La Salle County, TX",0
48377,NCNTY48377N48377,"Presidio County, TX",0
48207,NCNTY48207N48207,"Haskell County, TX",0
48119,NCNTY48119N48119,"Delta County, TX",0
48483,NCNTY48483N48483,"Wheeler County, TX",0
48247,NCNTY48247N48247,"Jim Hogg County, TX",0
48333,NCNTY48333N48333,"Mills County, TX",0
48197,NCNTY48197N48197,"Hardeman County, TX",0
48023,NCNTY48023N48023,"Baylor County, TX",0
48129,NCNTY48129N48129,"Donley County, TX",0
48191,NCNTY48191N48191,"Hall County, TX",0
48087,NCNTY48087N48087,"Collingsworth County, TX",0
48327,NCNTY48327N48327,"Menard County, TX",0
48125,NCNTY48125N48125,"Dickens County, TX",0
48045,NCNTY48045N48045,"Briscoe County, TX",0
48101,NCNTY48101N48101,"Cottle County, TX",0
48345,NCNTY48345N48345,"Motley County, TX",0
36023,NCNTY36023N36023,"Cortland County, NY",0
41069,NCNTY41069N41069,"Wheeler County, OR",0
24019,NCNTY24019N24019,"Dorchester County, MD",0
40125,NCNTY40125N40125,"Pottawatomie County, OK",0
21235,NCNTY21235N21235,"Whitley County, KY",0
21071,NCNTY21071N21071,"Floyd County, KY",0
21121,NCNTY21121N21121,"Knox County, KY",0
21193,NCNTY21193N21193,"Perry County, KY",0
21095,NCNTY21095N21095,"Harlan County, KY",0
21085,NCNTY21085N21085,"Grayson County, KY",0
21217,NCNTY21217N21217,"Taylor County, KY",0
21137,NCNTY21137N21137,"Lincoln County, KY",0
21013,NCNTY21013N21013,"Bell County, KY",0
21183,NCNTY21183N21183,"Ohio County, KY",0
21115,NCNTY21115N21115,"Johnson County, KY",0
21133,NCNTY21133N21133,"Letcher County, KY",0
21051,NCNTY21051N21051,"Clay County, KY",0
21231,NCNTY21231N21231,"Wayne County, KY",0
21099,NCNTY21099N21099,"Hart County, KY",0
21001,NCNTY21001N21001,"Adair County, KY",0
21207,NCNTY21207N21207,"Russell County, KY",0
21147,NCNTY21147N21147,"McCreary County, KY",0
21127,NCNTY21127N21127,"Lawrence County, KY",0
21203,NCNTY21203N21203,"Rockcastle County, KY",0
21045,NCNTY21045N21045,"Casey County, KY",0
21069,NCNTY21069N21069,"Fleming County, KY",0
21119,NCNTY21119N21119,"Knott County, KY",0
21065,NCNTY21065N21065,"Estill County, KY",0
21175,NCNTY21175N21175,"Morgan County, KY",0
21025,NCNTY21025N21025,"Breathitt County, KY",0
21135,NCNTY21135N21135,"Lewis County, KY",0
21109,NCNTY21109N21109,"Jackson County, KY",0
21011,NCNTY21011N21011,"Bath County, KY",0
21219,NCNTY21219N21219,"Todd County, KY",0
21153,NCNTY21153N21153,"Magoffin County, KY",0
21171,NCNTY21171N21171,"Monroe County, KY",0
21087,NCNTY21087N21087,"Green County, KY",0
21041,NCNTY21041N21041,"Carroll County, KY",0
21131,NCNTY21131N21131,"Leslie County, KY",0
21169,NCNTY21169N21169,"Metcalfe County, KY",0
21053,NCNTY21053N21053,"Clinton County, KY",0
21129,NCNTY21129N21129,"Lee County, KY",0
21063,NCNTY21063N21063,"Elliott County, KY",0
21237,NCNTY21237N21237,"Wolfe County, KY",0
21075,NCNTY21075N21075,"Fulton County, KY",0
21165,NCNTY21165N21165,"Menifee County, KY",0
21057,NCNTY21057N21057,"Cumberland County, KY",0
21189,NCNTY21189N21189,"Owsley County, KY",0
13125,NCNTY13125N13125,"Glascock County, GA",0
29023,NCNTY29023N29023,"Butler County, MO",0
29211,NCNTY29211N29211,"Sullivan County, MO",0
21233,NCNTY21233N21233,"Webster County, KY",0
5145,NCNTY05145N05145,"White County, AR",0
47107,NCNTY47107N47107,"McMinn County, TN",0
19057,NCNTY19057N19057,"Des Moines County, IA",0
23011,NCNTY23011N23011,"Kennebec County, ME",0
48111,NCNTY48111N48111,"Dallam County, TX",0
37155,NCNTY37155N37155,"Robeson County, NC",0
37045,NCNTY37045N37045,"Cleveland County, NC",0
37193,NCNTY37193N37193,"Wilkes County, NC",0
37161,NCNTY37161N37161,"Rutherford County, NC",0
37163,NCNTY37163N37163,"Sampson County, NC",0
37047,NCNTY37047N37047,"Columbus County, NC",0
37111,NCNTY37111N37111,"McDowell County, NC",0
37153,NCNTY37153N37153,"Richmond County, NC",0
37165,NCNTY37165N37165,"Scotland County, NC",0
37017,NCNTY37017N37017,"Bladen County, NC",0
37009,NCNTY37009N37009,"Ashe County, NC",0
37123,NCNTY37123N37123,"Montgomery County, NC",0
37117,NCNTY37117N37117,"Martin County, NC",0
37079,NCNTY37079N37079,"Greene County, NC",0
37185,NCNTY37185N37185,"Warren County, NC",0
37199,NCNTY37199N37199,"Yancey County, NC",0
37015,NCNTY37015N37015,"Bertie County, NC",0
37173,NCNTY37173N37173,"Swain County, NC",0
37187,NCNTY37187N37187,"Washington County, NC",0
37075,NCNTY37075N37075,"Graham County, NC",0
21155,NCNTY21155N21155,"Marion County, KY",0
48147,NCNTY48147N48147,"Fannin County, TX",0
26165,NCNTY26165N26165,"Wexford County, MI",0
55111,NCNTY55111N55111,"Sauk County, WI",0
27065,NCNTY27065N27065,"Kanabec County, MN",0
2198,NCNTY02198N02198,"Prince of Wales-Hyder Census Area, AK",0
29083,NCNTY29083N29083,"Henry County, MO",0
1045,NCNTY01045N01045,"Dale County, AL",0
20109,NCNTY20109N20109,"Logan County, KS",0
48285,NCNTY48285N48285,"Lavaca County, TX",0
5071,NCNTY05071N05071,"Johnson County, AR",0
8023,NCNTY08023N08023,"Costilla County, CO",0
20059,NCNTY20059N20059,"Franklin County, KS",0
1127,NCNTY01127N01127,"Walker County, AL",0
5113,NCNTY05113N05113,"Polk County, AR",0
40137,NCNTY40137N40137,"Stephens County, OK",0
48369,NCNTY48369N48369,"Parmer County, TX",0
8099,NCNTY08099N08099,"Prowers County, CO",0
18143,NCNTY18143N18143,"Scott County, IN",0
48331,NCNTY48331N48331,"Milam County, TX",0
48457,NCNTY48457N48457,"Tyler County, TX",0
21139,NCNTY21139N21139,"Livingston County, KY",0
28129,NCNTY28129N28129,"Smith County, MS",0
47035,NCNTY47035N47035,"Cumberland County, TN",0
53069,NCNTY53069N53069,"Wahkiakum County, WA",0
36019,NCNTY36019N36019,"Clinton County, NY",0
5037,NCNTY05037N05037,"Cross County, AR",0
53025,NCNTY53025N53025,"Grant County, WA",0
36031,NCNTY36031N36031,"Essex County, NY",0
48079,NCNTY48079N48079,"Cochran County, TX",0
48447,NCNTY48447N48447,"Throckmorton County, TX",0
29143,NCNTY29143N29143,"New Madrid County, MO",0
28015,NCNTY28015N28015,"Carroll County, MS",0
13111,NCNTY13111N13111,"Fannin County, GA",0
48151,NCNTY48151N48151,"Fisher County, TX",0
40085,NCNTY40085N40085,"Love County, OK",0
29085,NCNTY29085N29085,"Hickory County, MO",0
5055,NCNTY05055N05055,"Greene County, AR",0
1041,NCNTY01041N01041,"Crenshaw County, AL",0
54093,NCNTY54093N54093,"Tucker County, WV",0
40123,NCNTY40123N40123,"Pontotoc County, OK",0
17099,NCNTY17099N17099,"La Salle County, IL",0
48503,NCNTY48503N48503,"Young County, TX",0
29007,NCNTY29007N29007,"Audrain County, MO",0
55127,NCNTY55127N55127,"Walworth County, WI",0
48161,NCNTY48161N48161,"Freestone County, TX",0
22053,NCNTY22053N22053,"Jefferson Davis Parish, LA",0
18071,NCNTY18071N18071,"Jackson County, IN",0
37121,NCNTY37121N37121,"Mitchell County, NC",0
47143,NCNTY47143N47143,"Rhea County, TN",0
42015,NCNTY42015N42015,"Bradford County, PA",0
48495,NCNTY48495N48495,"Winkler County, TX",0
36049,NCNTY36049N36049,"Lewis County, NY",0
22003,NCNTY22003N22003,"Allen Parish, LA",0
27007,NCNTY27007N27007,"Beltrami County, MN",0
21225,NCNTY21225N21225,"Union County, KY",0
21181,NCNTY21181N21181,"Nicholas County, KY",0
48275,NCNTY48275N48275,"Knox County, TX",0
21007,NCNTY21007N21007,"Ballard County, KY",0
55027,NCNTY55027N55027,"Dodge County, WI",0
23003,NCNTY23003N23003,"Aroostook County, ME",0
16021,NCNTY16021N16021,"Boundary County, ID",0
28087,NCNTY28087N28087,"Lowndes County, MS",0
47045,NCNTY47045N47045,"Dyer County, TN",0
8109,NCNTY08109N08109,"Saguache County, CO",0
51005,NCNTY51005N51005,"Alleghany County-Clifton Forge city-Covington city, VA HUD Nonmet",0
5139,NCNTY05139N05139,"Union County, AR",0
29035,NCNTY29035N29035,"Carter County, MO",0
2122,NCNTY02122N02122,"Kenai Peninsula Borough, AK",0
29091,NCNTY29091N29091,"Howell County, MO",0
29109,NCNTY29109N29109,"Lawrence County, MO",0
29009,NCNTY29009N29009,"Barry County, MO",0
29207,NCNTY29207N29207,"Stoddard County, MO",0
29069,NCNTY29069N29069,"Dunklin County, MO",0
29215,NCNTY29215N29215,"Texas County, MO",0
29221,NCNTY29221N29221,"Washington County, MO",0
29119,NCNTY29119N29119,"McDonald County, MO",0
29055,NCNTY29055N29055,"Crawford County, MO",0
29141,NCNTY29141N29141,"Morgan County, MO",0
29015,NCNTY29015N29015,"Benton County, MO",0
29229,NCNTY29229N29229,"Wright County, MO",0
29155,NCNTY29155N29155,"Pemiscot County, MO",0
29121,NCNTY29121N29121,"Macon County, MO",0
29065,NCNTY29065N29065,"Dent County, MO",0
29039,NCNTY29039N29039,"Cedar County, MO",0
29133,NCNTY29133N29133,"Mississippi County, MO",0
29115,NCNTY29115N29115,"Linn County, MO",0
29011,NCNTY29011N29011,"Barton County, MO",0
29067,NCNTY29067N29067,"Douglas County, MO",0
29223,NCNTY29223N29223,"Wayne County, MO",0
29181,NCNTY29181N29181,"Ripley County, MO",0
29093,NCNTY29093N29093,"Iron County, MO",0
29185,NCNTY29185N29185,"St. Clair County, MO",0
29149,NCNTY29149N29149,"Oregon County, MO",0
29081,NCNTY29081N29081,"Harrison County, MO",0
29057,NCNTY29057N29057,"Dade County, MO",0
29179,NCNTY29179N29179,"Reynolds County, MO",0
29171,NCNTY29171N29171,"Putnam County, MO",0
29197,NCNTY29197N29197,"Schuyler County, MO",0
21177,NCNTY21177N21177,"Muhlenberg County, KY",0
21187,NCNTY21187N21187,"Owen County, KY",0
13137,NCNTY13137N13137,"Habersham County, GA",0
30079,NCNTY30079N30079,"Prairie County, MT",0
30109,NCNTY30109N30109,"Wibaux County, MT",0
30103,NCNTY30103N30103,"Treasure County, MT",0
30069,NCNTY30069N30069,"Petroleum County, MT",0
46047,NCNTY46047N46047,"Fall River County, SD",0
16011,NCNTY16011N16011,"Bingham County, ID",0
5117,NCNTY05117N05117,"Prairie County, AR",0
51133,NCNTY51133N51133,"Northumberland County, VA",0
40099,NCNTY40099N40099,"Murray County, OK",0
30065,NCNTY30065N30065,"Musselshell County, MT",0
36099,NCNTY36099N36099,"Seneca County, NY",0
26031,NCNTY26031N26031,"Cheboygan County, MI",0
42115,NCNTY42115N42115,"Susquehanna County, PA",0
21141,NCNTY21141N21141,"Logan County, KY",0
30031,NCNTY30031N30031,"Gallatin County, MT",0
29103,NCNTY29103N29103,"Knox County, MO",0
29139,NCNTY29139N29139,"Montgomery County, MO",0
29195,NCNTY29195N29195,"Saline County, MO",0
39157,NCNTY39157N39157,"Tuscarawas County, OH",0
21161,NCNTY21161N21161,"Mason County, KY",0
46063,NCNTY46063N46063,"Harding County, SD",0
26105,NCNTY26105N26105,"Mason County, MI",0
20155,NCNTY20155N20155,"Reno County, KS",0
51171,NCNTY51171N51171,"Shenandoah County, VA",0
37013,NCNTY37013N37013,"Beaufort County, NC",0
37033,NCNTY37033N37033,"Caswell County, NC",0
29123,NCNTY29123N29123,"Madison County, MO",0
26103,NCNTY26103N26103,"Marquette County, MI",0
5089,NCNTY05089N05089,"Marion County, AR",0
16043,NCNTY16043N16043,"Fremont County, ID",0
48295,NCNTY48295N48295,"Lipscomb County, TX",0
47123,NCNTY47123N47123,"Monroe County, TN",0
51109,NCNTY51109N51109,"Louisa County, VA",0
48237,NCNTY48237N48237,"Jack County, TX",0
51001,NCNTY51001N51001,"Accomack County, VA",0
42073,NCNTY42073N42073,"Lawrence County, PA",0
29105,NCNTY29105N29105,"Laclede County, MO",0
29209,NCNTY29209N29209,"Stone County, MO",0
29111,NCNTY29111N29111,"Lewis County, MO",0
21107,NCNTY21107N21107,"Hopkins County, KY",0
48421,NCNTY48421N48421,"Sherman County, TX",0
21201,NCNTY21201N21201,"Robertson County, KY",0
36089,NCNTY36089N36089,"St. Lawrence County, NY",0
5093,NCNTY05093N05093,"Mississippi County, AR",0
5009,NCNTY05009N05009,"Boone County, AR",0
5123,NCNTY05123N05123,"St. Francis County, AR",0
5027,NCNTY05027N05027,"Columbia County, AR",0
5103,NCNTY05103N05103,"Ouachita County, AR",0
5083,NCNTY05083N05083,"Logan County, AR",0
5149,NCNTY05149N05149,"Yell County, AR",0
5121,NCNTY05121N05121,"Randolph County, AR",0
5135,NCNTY05135N05135,"Sharp County, AR",0
5067,NCNTY05067N05067,"Jackson County, AR",0
5107,NCNTY05107N05107,"Phillips County, AR",0
5075,NCNTY05075N05075,"Lawrence County, AR",0
5021,NCNTY05021N05021,"Clay County, AR",0
5061,NCNTY05061N05061,"Howard County, AR",0
5137,NCNTY05137N05137,"Stone County, AR",0
5049,NCNTY05049N05049,"Fulton County, AR",0
5041,NCNTY05041N05041,"Desha County, AR",0
5011,NCNTY05011N05011,"Bradley County, AR",0
5017,NCNTY05017N05017,"Chicot County, AR",0
5109,NCNTY05109N05109,"Pike County, AR",0
5127,NCNTY05127N05127,"Scott County, AR",0
5077,NCNTY05077N05077,"Lee County, AR",0
5097,NCNTY05097N05097,"Montgomery County, AR",0
5129,NCNTY05129N05129,"Searcy County, AR",0
5101,NCNTY05101N05101,"Newton County, AR",0
5095,NCNTY05095N05095,"Monroe County, AR",0
5039,NCNTY05039N05039,"Dallas County, AR",0
5073,NCNTY05073N05073,"Lafayette County, AR",0
5147,NCNTY05147N05147,"Woodruff County, AR",0
51117,NCNTY51117N51117,"Mecklenburg County, VA",0
51029,NCNTY51029N51029,"Buckingham County, VA",0
55055,NCNTY55055N55055,"Jefferson County, WI",0
40129,NCNTY40129N40129,"Roger Mills County, OK",0
21105,NCNTY21105N21105,"Hickman County, KY",0
19039,NCNTY19039N19039,"Clarke County, IA",0
47031,NCNTY47031N47031,"Coffee County, TN",0
29137,NCNTY29137N29137,"Monroe County, MO",0
26005,NCNTY26005N26005,"Allegan County, MI",0
42063,NCNTY42063N42063,"Indiana County, PA",0
37167,NCNTY37167N37167,"Stanly County, NC",0
5065,NCNTY05065N05065,"Izard County, AR",0
48435,NCNTY48435N48435,"Sutton County, TX",0
53019,NCNTY53019N53019,"Ferry County, WA",0
29117,NCNTY29117N29117,"Livingston County, MO",0
8057,NCNTY08057N08057,"Jackson County, CO",0
5003,NCNTY05003N05003,"Ashley County, AR",0
26107,NCNTY26107N26107,"Mecosta County, MI",0
31053,NCNTY31053N31053,"Dodge County, NE",0
47029,NCNTY47029N47029,"Cocke County, TN",0
47183,NCNTY47183N47183,"Weakley County, TN",0
47079,NCNTY47079N47079,"Henry County, TN",0
47025,NCNTY47025N47025,"Claiborne County, TN",0
47131,NCNTY47131N47131,"Obion County, TN",0
47017,NCNTY47017N47017,"Carroll County, TN",0
47071,NCNTY47071N47071,"Hardin County, TN",0
47109,NCNTY47109N47109,"McNairy County, TN",0
47069,NCNTY47069N47069,"Hardeman County, TN",0
47097,NCNTY47097N47097,"Lauderdale County, TN",0
47133,NCNTY47133N47133,"Overton County, TN",0
47151,NCNTY47151N47151,"Scott County, TN",0
47041,NCNTY47041N47041,"DeKalb County, TN",0
47085,NCNTY47085N47085,"Humphreys County, TN",0
47049,NCNTY47049N47049,"Fentress County, TN",0
47091,NCNTY47091N47091,"Johnson County, TN",0
47075,NCNTY47075N47075,"Haywood County, TN",0
23021,NCNTY23021N23021,"Piscataquis County, ME",0
47181,NCNTY47181N47181,"Wayne County, TN",0
47005,NCNTY47005N47005,"Benton County, TN",0
47007,NCNTY47007N47007,"Bledsoe County, TN",0
47061,NCNTY47061N47061,"Grundy County, TN",0
47121,NCNTY47121N47121,"Meigs County, TN",0
47101,NCNTY47101N47101,"Lewis County, TN",0
47087,NCNTY47087N47087,"Jackson County, TN",0
47039,NCNTY47039N47039,"Decatur County, TN",0
47135,NCNTY47135N47135,"Perry County, TN",0
47027,NCNTY47027N47027,"Clay County, TN",0
47095,NCNTY47095N47095,"Lake County, TN",0
47067,NCNTY47067N47067,"Hancock County, TN",0
47175,NCNTY47175N47175,"Van Buren County, TN",0
47137,NCNTY47137N47137,"Pickett County, TN",0
5063,NCNTY05063N05063,"Independence County, AR",0
51193,NCNTY51193N51193,"Westmoreland County, VA",0
16085,NCNTY16085N16085,"Valley County, ID",0
47077,NCNTY47077N47077,"Henderson County, TN",0
48081,NCNTY48081N48081,"Coke County, TX",0
36057,NCNTY36057N36057,"Montgomery County, NY",0
32027,NCNTY32027N32027,"Pershing County, NV",0
26043,NCNTY26043N26043,"Dickinson County, MI",0
56045,NCNTY56045N56045,"Weston County, WY",0
8011,NCNTY08011N08011,"Bent County, CO",0
46019,NCNTY46019N46019,"Butte County, SD",0
55081,NCNTY55081N55081,"Monroe County, WI",0
29147,NCNTY29147N29147,"Nodaway County, MO",0
17081,NCNTY17081N17081,"Jefferson County, IL",0
54091,NCNTY54091N54091,"Taylor County, WV",0
40045,NCNTY40045N40045,"Ellis County, OK",0
28041,NCNTY28041N28041,"Greene County, MS",0
48255,NCNTY48255N48255,"Karnes County, TX",0
26149,NCNTY26149N26149,"St. Joseph County, MI",0
48297,NCNTY48297N48297,"Live Oak County, TX",0
27035,NCNTY27035N27035,"Crow Wing County, MN",0
27061,NCNTY27061N27061,"Itasca County, MN",0
55029,NCNTY55029N55029,"Door County, WI",0
29075,NCNTY29075N29075,"Gentry County, MO",0
26095,NCNTY26095N26095,"Luce County, MI",0
32017,NCNTY32017N32017,"Lincoln County, NV",0
17001,NCNTY17001N17001,"Adams County, IL",0
5029,NCNTY05029N05029,"Conway County, AR",0
5133,NCNTY05133N05133,"Sevier County, AR",0
5015,NCNTY05015N05015,"Carroll County, AR",0
26157,NCNTY26157N26157,"Tuscola County, MI",0
26057,NCNTY26057N26057,"Gratiot County, MI",0
26151,NCNTY26151N26151,"Sanilac County, MI",0
26061,NCNTY26061N26061,"Houghton County, MI",0
26041,NCNTY26041N26041,"Delta County, MI",0
26063,NCNTY26063N26063,"Huron County, MI",0
26035,NCNTY26035N26035,"Clare County, MI",0
26007,NCNTY26007N26007,"Alpena County, MI",0
26127,NCNTY26127N26127,"Oceana County, MI",0
26051,NCNTY26051N26051,"Gladwin County, MI",0
26069,NCNTY26069N26069,"Iosco County, MI",0
26109,NCNTY26109N26109,"Menominee County, MI",0
26143,NCNTY26143N26143,"Roscommon County, MI",0
26133,NCNTY26133N26133,"Osceola County, MI",0
26129,NCNTY26129N26129,"Ogemaw County, MI",0
26079,NCNTY26079N26079,"Kalkaska County, MI",0
26011,NCNTY26011N26011,"Arenac County, MI",0
26053,NCNTY26053N26053,"Gogebic County, MI",0
26141,NCNTY26141N26141,"Presque Isle County, MI",0
26085,NCNTY26085N26085,"Lake County, MI",0
26071,NCNTY26071N26071,"Iron County, MI",0
26097,NCNTY26097N26097,"Mackinac County, MI",0
26001,NCNTY26001N26001,"Alcona County, MI",0
26119,NCNTY26119N26119,"Montmorency County, MI",0
26003,NCNTY26003N26003,"Alger County, MI",0
26135,NCNTY26135N26135,"Oscoda County, MI",0
26013,NCNTY26013N26013,"Baraga County, MI",0
26153,NCNTY26153N26153,"Schoolcraft County, MI",0
26131,NCNTY26131N26131,"Ontonagon County, MI",0
26083,NCNTY26083N26083,"Keweenaw County, MI",0
20169,NCNTY20169N20169,"Saline County, KS",0
48193,NCNTY48193N48193,"Hamilton County, TX",0
19003,NCNTY19003N19003,"Adams County, IA",0
39141,NCNTY39141N39141,"Ross County, OH",0
21039,NCNTY21039N21039,"Carlisle County, KY",0
18151,NCNTY18151N18151,"Steuben County, IN",0
26089,NCNTY26089N26089,"Leelanau County, MI",0
40093,NCNTY40093N40093,"Major County, OK",0
16057,NCNTY16057N16057,"Latah County, ID",0
5043,NCNTY05043N05043,"Drew County, AR",0
37099,NCNTY37099N37099,"Jackson County, NC",0
51139,NCNTY51139N51139,"Page County, VA",0
48413,NCNTY48413N48413,"Schleicher County, TX",0
55057,NCNTY55057N55057,"Juneau County, WI",0
41025,NCNTY41025N41025,"Harney County, OR",0
8105,NCNTY08105N08105,"Rio Grande County, CO",0
49043,NCNTY49043N49043,"Summit County, UT",0
27115,NCNTY27115N27115,"Pine County, MN",0
51143,NCNTY51143N51143,"Pittsylvania County-Danville city, VA HUD Nonmetro FMR Area",0
51089,NCNTY51089N51089,"Henry County-Martinsville city, VA HUD Nonmetro FMR Area",0
51185,NCNTY51185N51185,"Tazewell County, VA",0
51195,NCNTY51195N51195,"Wise County-Norton city, VA HUD Nonmetro FMR Area",0
51035,NCNTY51035N51035,"Carroll County-Galax city, VA HUD Nonmetro FMR Area",0
51173,NCNTY51173N51173,"Smyth County, VA",0
51167,NCNTY51167N51167,"Russell County, VA",0
51105,NCNTY51105N51105,"Lee County, VA",0
51027,NCNTY51027N51027,"Buchanan County, VA",0
51141,NCNTY51141N51141,"Patrick County, VA",0
51025,NCNTY51025N51025,"Brunswick County, VA",0
51077,NCNTY51077N51077,"Grayson County, VA",0
51051,NCNTY51051N51051,"Dickenson County, VA",0
51111,NCNTY51111N51111,"Lunenburg County, VA",0
51037,NCNTY51037N51037,"Charlotte County, VA",0
42109,NCNTY42109N42109,"Snyder County, PA",0
47059,NCNTY47059N47059,"Greene County, TN",0
47103,NCNTY47103N47103,"Lincoln County, TN",0
42065,NCNTY42065N42065,"Jefferson County, PA",0
22025,NCNTY22025N22025,"Catahoula Parish, LA",0
48057,NCNTY48057N48057,"Calhoun County, TX",0
48239,NCNTY48239N48239,"Jackson County, TX",0
48269,NCNTY48269N48269,"King County, TX",0
18023,NCNTY18023N18023,"Clinton County, IN",0
51197,NCNTY51197N51197,"Wythe County, VA",0
26029,NCNTY26029N26029,"Charlevoix County, MI",0
30027,NCNTY30027N30027,"Fergus County, MT",0
51083,NCNTY51083N51083,"Halifax County, VA",0
29173,NCNTY29173N29173,"Ralls County, MO",0
17029,NCNTY17029N17029,"Coles County, IL",0
47055,NCNTY47055N47055,"Giles County, TN",0
48149,NCNTY48149N48149,"Fayette County, TX",0
30093,NCNTY30093N30093,"Silver Bow County, MT",0
29205,NCNTY29205N29205,"Shelby County, MO",0
48105,NCNTY48105N48105,"Crockett County, TX",0
2261,NCNTY02261N02261,"Valdez-Cordova Census Area, AK",0
19179,NCNTY19179N19179,"Wapello County, IA",0
8061,NCNTY08061N08061,"Kiowa County, CO",0
29186,NCNTY29186N29186,"Ste. Genevieve County, MO",0
40073,NCNTY40073N40073,"Kingfisher County, OK",0
16029,NCNTY16029N16029,"Caribou County, ID",0
51091,NCNTY51091N51091,"Highland County, VA",0
39027,NCNTY39027N39027,"Clinton County, OH",0
48501,NCNTY48501N48501,"Yoakum County, TX",0
42033,NCNTY42033N42033,"Clearfield County, PA",0
42111,NCNTY42111N42111,"Somerset County, PA",0
42121,NCNTY42121N42121,"Venango County, PA",0
42009,NCNTY42009N42009,"Bedford County, PA",0
42087,NCNTY42087N42087,"Mifflin County, PA",0
42061,NCNTY42061N42061,"Huntingdon County, PA",0
42083,NCNTY42083N42083,"McKean County, PA",0
20037,NCNTY20037N20037,"Crawford County, KS",0
42123,NCNTY42123N42123,"Warren County, PA",0
42031,NCNTY42031N42031,"Clarion County, PA",0
42105,NCNTY42105N42105,"Potter County, PA",0
42057,NCNTY42057N42057,"Fulton County, PA",0
55011,NCNTY55011N55011,"Buffalo County, WI",0
42113,NCNTY42113N42113,"Sullivan County, PA",0
42023,NCNTY42023N42023,"Cameron County, PA",0
29041,NCNTY29041N29041,"Chariton County, MO",0
29129,NCNTY29129N29129,"Mercer County, MO",0
54033,NCNTY54033N54033,"Harrison County, WV",0
42097,NCNTY42097N42097,"Northumberland County, PA",0
42039,NCNTY42039N42039,"Crawford County, PA",0
37171,NCNTY37171N37171,"Surry County, NC",0
18113,NCNTY18113N18113,"Noble County, IN",0
17195,NCNTY17195N17195,"Whiteside County, IL",0
51021,NCNTY51021N51021,"Bland County, VA",0
13291,NCNTY13291N13291,"Union County, GA",0
18093,NCNTY18093N18093,"Lawrence County, IN",0
29087,NCNTY29087N29087,"Holt County, MO",0
29033,NCNTY29033N29033,"Carroll County, MO",0
39043,NCNTY39043N39043,"Erie County, OH",0
48379,NCNTY48379N48379,"Rains County, TX",0
46043,NCNTY46043N46043,"Douglas County, SD",0
30017,NCNTY30017N30017,"Custer County, MT",0
49047,NCNTY49047N49047,"Uintah County, UT",0
51017,NCNTY51017N51017,"Bath County, VA",0
55033,NCNTY55033N55033,"Dunn County, WI",0
20035,NCNTY20035N20035,"Cowley County, KS",0
6049,NCNTY06049N06049,"Modoc County, CA",0
55013,NCNTY55013N55013,"Burnett County, WI",0
21083,NCNTY21083N21083,"Graves County, KY",0
2275,NCNTY02275N02275,"Wrangell City and Borough, AK",0
19127,NCNTY19127N19127,"Marshall County, IA",0
29127,NCNTY29127N29127,"Marion County, MO",0
29125,NCNTY29125N29125,"Maries County, MO",0
40149,NCNTY40149N40149,"Washita County, OK",0
20111,NCNTY20111N20111,"Lyon County, KS",0
50005,NCNTY50005N50005,"Caledonia County, VT",0
20137,NCNTY20137N20137,"Norton County, KS",0
18027,NCNTY18027N18027,"Daviess County, IN",0
21055,NCNTY21055N21055,"Crittenden County, KY",0
19033,NCNTY19033N19033,"Cerro Gordo County, IA",0
51137,NCNTY51137N51137,"Orange County, VA",0
55001,NCNTY55001N55001,"Adams County, WI",0
48311,NCNTY48311N48311,"McMullen County, TX",0
39077,NCNTY39077N39077,"Huron County, OH",0
29029,NCNTY29029N29029,"Camden County, MO",0
31123,NCNTY31123N31123,"Morrill County, NE",0
26009,NCNTY26009N26009,"Antrim County, MI",0
27131,NCNTY27131N27131,"Rice County, MN",0
17127,NCNTY17127N17127,"Massac County, IL",0
20125,NCNTY20125N20125,"Montgomery County, KS",0
20099,NCNTY20099N20099,"Labette County, KS",0
20021,NCNTY20021N20021,"Cherokee County, KS",0
20041,NCNTY20041N20041,"Dickinson County, KS",0
20005,NCNTY20005N20005,"Atchison County, KS",0
20133,NCNTY20133N20133,"Neosho County, KS",0
20011,NCNTY20011N20011,"Bourbon County, KS",0
20001,NCNTY20001N20001,"Allen County, KS",0
20013,NCNTY20013N20013,"Brown County, KS",0
20029,NCNTY20029N20029,"Cloud County, KS",0
20205,NCNTY20205N20205,"Wilson County, KS",0
20145,NCNTY20145N20145,"Pawnee County, KS",0
20073,NCNTY20073N20073,"Greenwood County, KS",0
20123,NCNTY20123N20123,"Mitchell County, KS",0
20201,NCNTY20201N20201,"Washington County, KS",0
20077,NCNTY20077N20077,"Harper County, KS",0
20147,NCNTY20147N20147,"Phillips County, KS",0
20163,NCNTY20163N20163,"Rooks County, KS",0
20093,NCNTY20093N20093,"Kearny County, KS",0
20081,NCNTY20081N20081,"Haskell County, KS",0
20183,NCNTY20183N20183,"Smith County, KS",0
20019,NCNTY20019N20019,"Chautauqua County, KS",0
20207,NCNTY20207N20207,"Woodson County, KS",0
20089,NCNTY20089N20089,"Jewell County, KS",0
20047,NCNTY20047N20047,"Edwards County, KS",0
20063,NCNTY20063N20063,"Gove County, KS",0
20129,NCNTY20129N20129,"Morton County, KS",0
20135,NCNTY20135N20135,"Ness County, KS",0
20017,NCNTY20017N20017,"Chase County, KS",0
20075,NCNTY20075N20075,"Hamilton County, KS",0
20049,NCNTY20049N20049,"Elk County, KS",0
20065,NCNTY20065N20065,"Graham County, KS",0
20187,NCNTY20187N20187,"Stanton County, KS",0
20071,NCNTY20071N20071,"Greeley County, KS",0
18181,NCNTY18181N18181,"White County, IN",0
55113,NCNTY55113N55113,"Sawyer County, WI",0
47051,NCNTY47051N47051,"Franklin County, TN",0
20003,NCNTY20003N20003,"Anderson County, KS",0
40043,NCNTY40043N40043,"Dewey County, OK",0
42119,NCNTY42119N42119,"Union County, PA",0
36033,NCNTY36033N36033,"Franklin County, NY",0
29175,NCNTY29175N29175,"Randolph County, MO",0
16007,NCNTY16007N16007,"Bear Lake County, ID",0
17137,NCNTY17137N17137,"Morgan County, IL",0
20159,NCNTY20159N20159,"Rice County, KS",0
20189,NCNTY20189N20189,"Stevens County, KS",0
20039,NCNTY20039N20039,"Decatur County, KS",0
20023,NCNTY20023N20023,"Cheyenne County, KS",0
39119,NCNTY39119N39119,"Muskingum County, OH",0
55085,NCNTY55085N55085,"Oneida County, WI",0
29061,NCNTY29061N29061,"Daviess County, MO",0
36011,NCNTY36011N36011,"Cayuga County, NY",0
27099,NCNTY27099N27099,"Mower County, MN",0
21033,NCNTY21033N21033,"Caldwell County, KY",0
17023,NCNTY17023N17023,"Clark County, IL",0
21157,NCNTY21157N21157,"Marshall County, KY",0
30047,NCNTY30047N30047,"Lake County, MT",0
39047,NCNTY39047N39047,"Fayette County, OH",0
18083,NCNTY18083N18083,"Knox County, IN",0
42107,NCNTY42107N42107,"Schuylkill County, PA",0
51063,NCNTY51063N51063,"Floyd County, VA",0
13133,NCNTY13133N13133,"Greene County, GA",0
20151,NCNTY20151N20151,"Pratt County, KS",0
20167,NCNTY20167N20167,"Russell County, KS",0
20157,NCNTY20157N20157,"Republic County, KS",0
20007,NCNTY20007N20007,"Barber County, KS",0
20185,NCNTY20185N20185,"Stafford County, KS",0
20105,NCNTY20105N20105,"Lincoln County, KS",0
20097,NCNTY20097N20097,"Kiowa County, KS",0
20203,NCNTY20203N20203,"Wichita County, KS",0
17021,NCNTY17021N17021,"Christian County, IL",0
19045,NCNTY19045N19045,"Clinton County, IA",0
55005,NCNTY55005N55005,"Barron County, WI",0
18077,NCNTY18077N18077,"Jefferson County, IN",0
31151,NCNTY31151N31151,"Saline County, NE",0
55141,NCNTY55141N55141,"Wood County, WI",0
30081,NCNTY30081N30081,"Ravalli County, MT",0
54073,NCNTY54073N54073,"Pleasants County, WV",0
29045,NCNTY29045N29045,"Clark County, MO",0
38101,NCNTY38101N38101,"Ward County, ND",0
29227,NCNTY29227N29227,"Worth County, MO",0
18169,NCNTY18169N18169,"Wabash County, IN",0
36097,NCNTY36097N36097,"Schuyler County, NY",0
55129,NCNTY55129N55129,"Washburn County, WI",0
18079,NCNTY18079N18079,"Jennings County, IN",0
49019,NCNTY49019N49019,"Grand County, UT",0
56029,NCNTY56029N56029,"Park County, WY",0
21143,NCNTY21143N21143,"Lyon County, KY",0
17105,NCNTY17105N17105,"Livingston County, IL",0
18159,NCNTY18159N18159,"Tipton County, IN",0
56007,NCNTY56007N56007,"Carbon County, WY",0
21079,NCNTY21079N21079,"Garrard County, KY",0
20117,NCNTY20117N20117,"Marshall County, KS",0
21073,NCNTY21073N21073,"Franklin County, KY",0
31157,NCNTY31157N31157,"Scotts Bluff County, NE",0
39143,NCNTY39143N39143,"Sandusky County, OH",0
36017,NCNTY36017N36017,"Chenango County, NY",0
18107,NCNTY18107N18107,"Montgomery County, IN",0
49013,NCNTY49013N49013,"Duchesne County, UT",0
30003,NCNTY30003N30003,"Big Horn County, MT",0
30091,NCNTY30091N30091,"Sheridan County, MT",0
40153,NCNTY40153N40153,"Woodward County, OK",0
40147,NCNTY40147N40147,"Washington County, OK",0
20165,NCNTY20165N20165,"Rush County, KS",0
48165,NCNTY48165N48165,"Gaines County, TX",0
18139,NCNTY18139N18139,"Rush County, IN",0
39029,NCNTY39029N39029,"Columbiana County, OH",0
39007,NCNTY39007N39007,"Ashtabula County, OH",0
39145,NCNTY39145N39145,"Scioto County, OH",0
39167,NCNTY39167N39167,"Washington County, OH",0
39147,NCNTY39147N39147,"Seneca County, OH",0
39071,NCNTY39071N39071,"Highland County, OH",0
39033,NCNTY39033N39033,"Crawford County, OH",0
39059,NCNTY39059N39059,"Guernsey County, OH",0
39171,NCNTY39171N39171,"Williams County, OH",0
39031,NCNTY39031N39031,"Coshocton County, OH",0
39079,NCNTY39079N39079,"Jackson County, OH",0
39065,NCNTY39065N39065,"Hardin County, OH",0
39053,NCNTY39053N39053,"Gallia County, OH",0
39161,NCNTY39161N39161,"Van Wert County, OH",0
39001,NCNTY39001N39001,"Adams County, OH",0
39131,NCNTY39131N39131,"Pike County, OH",0
21005,NCNTY21005N21005,"Anderson County, KY",0
39105,NCNTY39105N39105,"Meigs County, OH",0
39067,NCNTY39067N39067,"Harrison County, OH",0
39121,NCNTY39121N39121,"Noble County, OH",0
39115,NCNTY39115N39115,"Morgan County, OH",0
39111,NCNTY39111N39111,"Monroe County, OH",0
39163,NCNTY39163N39163,"Vinton County, OH",0
40103,NCNTY40103N40103,"Noble County, OK",0
19059,NCNTY19059N19059,"Dickinson County, IA",0
26015,NCNTY26015N26015,"Barry County, MI",0
30007,NCNTY30007N30007,"Broadwater County, MT",0
39037,NCNTY39037N39037,"Darke County, OH",0
20115,NCNTY20115N20115,"Marion County, KS",0
5019,NCNTY05019N05019,"Clark County, AR",0
30015,NCNTY30015N30015,"Chouteau County, MT",0
50019,NCNTY50019N50019,"Orleans County, VT",0
19125,NCNTY19125N19125,"Marion County, IA",0
31047,NCNTY31047N31047,"Dawson County, NE",0
53023,NCNTY53023N53023,"Garfield County, WA",0
42067,NCNTY42067N42067,"Juniata County, PA",0
48461,NCNTY48461N48461,"Upton County, TX",0
37125,NCNTY37125N37125,"Moore County, NC",0
27077,NCNTY27077N27077,"Lake of the Woods County, MN",0
55007,NCNTY55007N55007,"Bayfield County, WI",0
18053,NCNTY18053N18053,"Grant County, IN",0
18177,NCNTY18177N18177,"Wayne County, IN",0
18065,NCNTY18065N18065,"Henry County, IN",0
18099,NCNTY18099N18099,"Marshall County, IN",0
18017,NCNTY18017N18017,"Cass County, IN",0
18069,NCNTY18069N18069,"Huntington County, IN",0
18103,NCNTY18103N18103,"Miami County, IN",0
18001,NCNTY18001N18001,"Adams County, IN",0
18055,NCNTY18055N18055,"Greene County, IN",0
18135,NCNTY18135N18135,"Randolph County, IN",0
18041,NCNTY18041N18041,"Fayette County, IN",0
18149,NCNTY18149N18149,"Starke County, IN",0
18049,NCNTY18049N18049,"Fulton County, IN",0
18075,NCNTY18075N18075,"Jay County, IN",0
18117,NCNTY18117N18117,"Orange County, IN",0
18123,NCNTY18123N18123,"Perry County, IN",0
18045,NCNTY18045N18045,"Fountain County, IN",0
18131,NCNTY18131N18131,"Pulaski County, IN",0
18125,NCNTY18125N18125,"Pike County, IN",0
18009,NCNTY18009N18009,"Blackford County, IN",0
18025,NCNTY18025N18025,"Crawford County, IN",0
18101,NCNTY18101N18101,"Martin County, IN",0
18155,NCNTY18155N18155,"Switzerland County, IN",0
39091,NCNTY39091N39091,"Logan County, OH",0
31031,NCNTY31031N31031,"Cherry County, NE",0
17141,NCNTY17141N17141,"Ogle County, IL",0
40059,NCNTY40059N40059,"Harper County, OK",0
29101,NCNTY29101N29101,"Johnson County, MO",0
39083,NCNTY39083N39083,"Knox County, OH",0
20009,NCNTY20009N20009,"Barton County, KS",0
39175,NCNTY39175N39175,"Wyandot County, OH",0
18085,NCNTY18085N18085,"Kosciusko County, IN",0
19101,NCNTY19101N19101,"Jefferson County, IA",0
36009,NCNTY36009N36009,"Cattaraugus County, NY",0
36003,NCNTY36003N36003,"Allegany County, NY",0
36025,NCNTY36025N36025,"Delaware County, NY",0
29199,NCNTY29199N29199,"Scotland County, MO",0
8021,NCNTY08021N08021,"Conejos County, CO",0
19087,NCNTY19087N19087,"Henry County, IA",0
39005,NCNTY39005N39005,"Ashland County, OH",0
39125,NCNTY39125N39125,"Paulding County, OH",0
26159,NCNTY26159N26159,"Van Buren County, MI",0
30085,NCNTY30085N30085,"Roosevelt County, MT",0
30097,NCNTY30097N30097,"Sweet Grass County, MT",0
56033,NCNTY56033N56033,"Sheridan County, WY",0
36013,NCNTY36013N36013,"Chautauqua County, NY",0
39169,NCNTY39169N39169,"Wayne County, OH",0
42059,NCNTY42059N42059,"Greene County, PA",0
27105,NCNTY27105N27105,"Nobles County, MN",0
40053,NCNTY40053N40053,"Grant County, OK",0
46067,NCNTY46067N46067,"Hutchinson County, SD",0
20027,NCNTY20027N20027,"Clay County, KS",0
17041,NCNTY17041N17041,"Douglas County, IL",0
46035,NCNTY46035N46035,"Davison County, SD",0
21151,NCNTY21151N21151,"Madison County, KY",0
20141,NCNTY20141N20141,"Osborne County, KS",0
48433,NCNTY48433N48433,"Stonewall County, TX",0
17011,NCNTY17011N17011,"Bureau County, IL",0
19079,NCNTY19079N19079,"Hamilton County, IA",0
27067,NCNTY27067N27067,"Kandiyohi County, MN",0
29001,NCNTY29001N29001,"Adair County, MO",0
27113,NCNTY27113N27113,"Pennington County, MN",0
32011,NCNTY32011N32011,"Eureka County, NV",0
36101,NCNTY36101N36101,"Steuben County, NY",0
17185,NCNTY17185N17185,"Wabash County, IL",0
31119,NCNTY31119N31119,"Madison County, NE",0
18033,NCNTY18033N18033,"DeKalb County, IN",0
17075,NCNTY17075N17075,"Iroquois County, IL",0
20143,NCNTY20143N20143,"Ottawa County, KS",0
39135,NCNTY39135N39135,"Preble County, OH",0
19041,NCNTY19041N19041,"Clay County, IA",0
27005,NCNTY27005N27005,"Becker County, MN",0
19171,NCNTY19171N19171,"Tama County, IA",0
20127,NCNTY20127N20127,"Morris County, KS",0
42047,NCNTY42047N42047,"Elk County, PA",0
31023,NCNTY31023N31023,"Butler County, NE",0
17095,NCNTY17095N17095,"Knox County, IL",0
17177,NCNTY17177N17177,"Stephenson County, IL",0
17055,NCNTY17055N17055,"Franklin County, IL",0
17121,NCNTY17121N17121,"Marion County, IL",0
17135,NCNTY17135N17135,"Montgomery County, IL",0
17165,NCNTY17165N17165,"Saline County, IL",0
17051,NCNTY17051N17051,"Fayette County, IL",0
17173,NCNTY17173N17173,"Shelby County, IL",0
17145,NCNTY17145N17145,"Perry County, IL",0
17033,NCNTY17033N17033,"Crawford County, IL",0
17067,NCNTY17067N17067,"Hancock County, IL",0
17181,NCNTY17181N17181,"Union County, IL",0
17045,NCNTY17045N17045,"Edgar County, IL",0
17187,NCNTY17187N17187,"Warren County, IL",0
17191,NCNTY17191N17191,"Wayne County, IL",0
17159,NCNTY17159N17159,"Richland County, IL",0
17101,NCNTY17101N17101,"Lawrence County, IL",0
17149,NCNTY17149N17149,"Pike County, IL",0
17193,NCNTY17193N17193,"White County, IL",0
17025,NCNTY17025N17025,"Clay County, IL",0
17125,NCNTY17125N17125,"Mason County, IL",0
17017,NCNTY17017N17017,"Cass County, IL",0
17061,NCNTY17061N17061,"Greene County, IL",0
17065,NCNTY17065N17065,"Hamilton County, IL",0
17169,NCNTY17169N17169,"Schuyler County, IL",0
17071,NCNTY17071N17071,"Henderson County, IL",0
17153,NCNTY17153N17153,"Pulaski County, IL",0
17059,NCNTY17059N17059,"Gallatin County, IL",0
17151,NCNTY17151N17151,"Pope County, IL",0
17069,NCNTY17069N17069,"Hardin County, IL",0
1031,NCNTY01031N01031,"Coffee County, AL",0
46055,NCNTY46055N46055,"Haakon County, SD",0
46075,NCNTY46075N46075,"Jones County, SD",0
55125,NCNTY55125N55125,"Vilas County, WI",0
13157,NCNTY13157N13157,"Jackson County, GA",0
30041,NCNTY30041N30041,"Hill County, MT",0
17015,NCNTY17015N17015,"Carroll County, IL",0
17079,NCNTY17079N17079,"Jasper County, IL",0
38025,NCNTY38025N38025,"Dunn County, ND",0
39039,NCNTY39039N39039,"Defiance County, OH",0
46005,NCNTY46005N46005,"Beadle County, SD",0
46102,NCNTY46102N46102,Oglala Lakota County,0
46109,NCNTY46109N46109,"Roberts County, SD",0
46023,NCNTY46023N46023,"Charles Mix County, SD",0
46121,NCNTY46121N46121,"Todd County, SD",0
46115,NCNTY46115N46115,"Spink County, SD",0
46123,NCNTY46123N46123,"Tripp County, SD",0
46037,NCNTY46037N46037,"Day County, SD",0
46129,NCNTY46129N46129,"Walworth County, SD",0
46015,NCNTY46015N46015,"Brule County, SD",0
46041,NCNTY46041N46041,"Dewey County, SD",0
46053,NCNTY46053N46053,"Gregory County, SD",0
46031,NCNTY46031N46031,"Corson County, SD",0
46025,NCNTY46025N46025,"Clark County, SD",0
46085,NCNTY46085N46085,"Lyman County, SD",0
46007,NCNTY46007N46007,"Bennett County, SD",0
46071,NCNTY46071N46071,"Jackson County, SD",0
46107,NCNTY46107N46107,"Potter County, SD",0
46137,NCNTY46137N46137,"Ziebach County, SD",0
46089,NCNTY46089N46089,"McPherson County, SD",0
46097,NCNTY46097N46097,"Miner County, SD",0
46017,NCNTY46017N46017,"Buffalo County, SD",0
46095,NCNTY46095N46095,"Mellette County, SD",0
46073,NCNTY46073N46073,"Jerauld County, SD",0
51099,NCNTY51099N51099,"King George County, VA",0
32015,NCNTY32015N32015,"Lander County, NV",0
55077,NCNTY55077N55077,"Marquette County, WI",0
30043,NCNTY30043N30043,"Jefferson County, MT",0
55121,NCNTY55121N55121,"Trempealeau County, WI",0
36037,NCNTY36037N36037,"Genesee County, NY",0
19157,NCNTY19157N19157,"Poweshiek County, IA",0
20153,NCNTY20153N20153,"Rawlins County, KS",0
29079,NCNTY29079N29079,"Grundy County, MO",0
17047,NCNTY17047N17047,"Edwards County, IL",0
31145,NCNTY31145N31145,"Red Willow County, NE",0
31037,NCNTY31037N31037,"Colfax County, NE",0
31041,NCNTY31041N31041,"Custer County, NE",0
31107,NCNTY31107N31107,"Knox County, NE",0
31101,NCNTY31101N31101,"Keith County, NE",0
31045,NCNTY31045N31045,"Dawes County, NE",0
31147,NCNTY31147N31147,"Richardson County, NE",0
31095,NCNTY31095N31095,"Jefferson County, NE",0
31173,NCNTY31173N31173,"Thurston County, NE",0
31021,NCNTY31021N31021,"Burt County, NE",0
31003,NCNTY31003N31003,"Antelope County, NE",0
31097,NCNTY31097N31097,"Johnson County, NE",0
31161,NCNTY31161N31161,"Sheridan County, NE",0
31169,NCNTY31169N31169,"Thayer County, NE",0
31065,NCNTY31065N31065,"Furnas County, NE",0
31129,NCNTY31129N31129,"Nuckolls County, NE",0
31029,NCNTY31029N31029,"Chase County, NE",0
31105,NCNTY31105N31105,"Kimball County, NE",0
31181,NCNTY31181N31181,"Webster County, NE",0
31125,NCNTY31125N31125,"Nance County, NE",0
31083,NCNTY31083N31083,"Harlan County, NE",0
31017,NCNTY31017N31017,"Brown County, NE",0
31061,NCNTY31061N31061,"Franklin County, NE",0
31087,NCNTY31087N31087,"Hitchcock County, NE",0
31133,NCNTY31133N31133,"Pawnee County, NE",0
31063,NCNTY31063N31063,"Frontier County, NE",0
31077,NCNTY31077N31077,"Greeley County, NE",0
31069,NCNTY31069N31069,"Garden County, NE",0
31049,NCNTY31049N31049,"Deuel County, NE",0
31071,NCNTY31071N31071,"Garfield County, NE",0
31057,NCNTY31057N31057,"Dundy County, NE",0
31149,NCNTY31149N31149,"Rock County, NE",0
31165,NCNTY31165N31165,"Sioux County, NE",0
31085,NCNTY31085N31085,"Hayes County, NE",0
31183,NCNTY31183N31183,"Wheeler County, NE",0
31103,NCNTY31103N31103,"Keya Paha County, NE",0
31091,NCNTY31091N31091,"Hooker County, NE",0
31007,NCNTY31007N31007,"Banner County, NE",0
31075,NCNTY31075N31075,"Grant County, NE",0
31005,NCNTY31005N31005,"Arthur County, NE",0
31009,NCNTY31009N31009,"Blaine County, NE",0
21027,NCNTY21027N21027,"Breckinridge County, KY",0
55047,NCNTY55047N55047,"Green Lake County, WI",0
19135,NCNTY19135N19135,"Monroe County, IA",0
49039,NCNTY49039N49039,"Sanpete County, UT",0
56013,NCNTY56013N56013,"Fremont County, WY",0
17157,NCNTY17157N17157,"Randolph County, IL",0
22011,NCNTY22011N22011,"Beauregard Parish, LA",0
36121,NCNTY36121N36121,"Wyoming County, NY",0
20033,NCNTY20033N20033,"Comanche County, KS",0
29157,NCNTY29157N29157,"Perry County, MO",0
31015,NCNTY31015N31015,"Boyd County, NE",0
30037,NCNTY30037N30037,"Golden Valley County, MT",0
27057,NCNTY27057N27057,"Hubbard County, MN",0
19021,NCNTY19021N19021,"Buena Vista County, IA",0
48103,NCNTY48103N48103,"Crane County, TX",0
20119,NCNTY20119N20119,"Meade County, KS",0
32009,NCNTY32009N32009,"Esmeralda County, NV",0
27133,NCNTY27133N27133,"Rock County, MN",0
39021,NCNTY39021N39021,"Champaign County, OH",0
46029,NCNTY46029N46029,"Codington County, SD",0
29005,NCNTY29005N29005,"Atchison County, MO",0
49033,NCNTY49033N49033,"Rich County, UT",0
20113,NCNTY20113N20113,"McPherson County, KS",0
30025,NCNTY30025N30025,"Fallon County, MT",0
27135,NCNTY27135N27135,"Roseau County, MN",0
30053,NCNTY30053N30053,"Lincoln County, MT",0
30035,NCNTY30035N30035,"Glacier County, MT",0
30089,NCNTY30089N30089,"Sanders County, MT",0
30023,NCNTY30023N30023,"Deer Lodge County, MT",0
30105,NCNTY30105N30105,"Valley County, MT",0
30005,NCNTY30005N30005,"Blaine County, MT",0
30077,NCNTY30077N30077,"Powell County, MT",0
30099,NCNTY30099N30099,"Teton County, MT",0
30073,NCNTY30073N30073,"Pondera County, MT",0
30101,NCNTY30101N30101,"Toole County, MT",0
30061,NCNTY30061N30061,"Mineral County, MT",0
30071,NCNTY30071N30071,"Phillips County, MT",0
30039,NCNTY30039N30039,"Granite County, MT",0
30107,NCNTY30107N30107,"Wheatland County, MT",0
30045,NCNTY30045N30045,"Judith Basin County, MT",0
30051,NCNTY30051N30051,"Liberty County, MT",0
30059,NCNTY30059N30059,"Meagher County, MT",0
30055,NCNTY30055N30055,"McCone County, MT",0
30075,NCNTY30075N30075,"Powder River County, MT",0
30011,NCNTY30011N30011,"Carter County, MT",0
30033,NCNTY30033N30033,"Garfield County, MT",0
27047,NCNTY27047N27047,"Freeborn County, MN",0
17039,NCNTY17039N17039,"De Witt County, IL",0
27169,NCNTY27169N27169,"Winona County, MN",0
17053,NCNTY17053N17053,"Ford County, IL",0
31115,NCNTY31115N31115,"Loup County, NE",0
27021,NCNTY27021N27021,"Cass County, MN",0
27001,NCNTY27001N27001,"Aitkin County, MN",0
19111,NCNTY19111N19111,"Lee County, IA",0
30083,NCNTY30083N30083,"Richland County, MT",0
20101,NCNTY20101N20101,"Lane County, KS",0
56019,NCNTY56019N56019,"Johnson County, WY",0
21097,NCNTY21097N21097,"Harrison County, KY",0
56005,NCNTY56005N56005,"Campbell County, WY",0
40003,NCNTY40003N40003,"Alfalfa County, OK",0
27147,NCNTY27147N27147,"Steele County, MN",0
31001,NCNTY31001N31001,"Adams County, NE",0
21229,NCNTY21229N21229,"Washington County, KY",0
18137,NCNTY18137N18137,"Ripley County, IN",0
46081,NCNTY46081N46081,"Lawrence County, SD",0
19123,NCNTY19123N19123,"Mahaska County, IA",0
19043,NCNTY19043N19043,"Clayton County, IA",0
46009,NCNTY46009N46009,"Bon Homme County, SD",0
31127,NCNTY31127N31127,"Nemaha County, NE",0
17171,NCNTY17171N17171,"Scott County, IL",0
2158,NCNTY02158N02158,Kusilvak Census Area,0
31067,NCNTY31067N31067,"Gage County, NE",0
31011,NCNTY31011N31011,"Boone County, NE",0
31163,NCNTY31163N31163,"Sherman County, NE",0
46105,NCNTY46105N46105,"Perkins County, SD",0
31171,NCNTY31171N31171,"Thomas County, NE",0
55043,NCNTY55043N55043,"Grant County, WI",0
55075,NCNTY55075N55075,"Marinette County, WI",0
55115,NCNTY55115N55115,"Shawano County, WI",0
55019,NCNTY55019N55019,"Clark County, WI",0
55123,NCNTY55123N55123,"Vernon County, WI",0
55137,NCNTY55137N55137,"Waushara County, WI",0
55053,NCNTY55053N55053,"Jackson County, WI",0
55119,NCNTY55119N55119,"Taylor County, WI",0
55067,NCNTY55067N55067,"Langlade County, WI",0
55103,NCNTY55103N55103,"Richland County, WI",0
55065,NCNTY55065N55065,"Lafayette County, WI",0
55023,NCNTY55023N55023,"Crawford County, WI",0
55003,NCNTY55003N55003,"Ashland County, WI",0
55107,NCNTY55107N55107,"Rusk County, WI",0
55099,NCNTY55099N55099,"Price County, WI",0
55041,NCNTY55041N55041,"Forest County, WI",0
55051,NCNTY55051N55051,"Iron County, WI",0
55037,NCNTY55037N55037,"Florence County, WI",0
55078,NCNTY55078N55078,"Menominee County, WI",0
31019,NCNTY31019N31019,"Buffalo County, NE",0
27121,NCNTY27121N27121,"Pope County, MN",0
46117,NCNTY46117N46117,"Stanley County, SD",0
24023,NCNTY24023N24023,"Garrett County, MD",0
46135,NCNTY46135N46135,"Yankton County, SD",0
31185,NCNTY31185N31185,"York County, NE",0
46111,NCNTY46111N46111,"Sanborn County, SD",0
55071,NCNTY55071N55071,"Manitowoc County, WI",0
30001,NCNTY30001N30001,"Beaverhead County, MT",0
30049,NCNTY30049N30049,"Lewis and Clark County, MT",0
55097,NCNTY55097N55097,"Portage County, WI",0
17109,NCNTY17109N17109,"McDonough County, IL",0
27111,NCNTY27111N27111,"Otter Tail County, MN",0
46003,NCNTY46003N46003,"Aurora County, SD",0
19187,NCNTY19187N19187,"Webster County, IA",0
19065,NCNTY19065N19065,"Fayette County, IA",0
19083,NCNTY19083N19083,"Hardin County, IA",0
19067,NCNTY19067N19067,"Floyd County, IA",0
19145,NCNTY19145N19145,"Page County, IA",0
19109,NCNTY19109N19109,"Kossuth County, IA",0
19023,NCNTY19023N19023,"Butler County, IA",0
19005,NCNTY19005N19005,"Allamakee County, IA",0
19029,NCNTY19029N19029,"Cass County, IA",0
19197,NCNTY19197N19197,"Wright County, IA",0
19007,NCNTY19007N19007,"Appanoose County, IA",0
19189,NCNTY19189N19189,"Winnebago County, IA",0
19131,NCNTY19131N19131,"Mitchell County, IA",0
19137,NCNTY19137N19137,"Montgomery County, IA",0
19107,NCNTY19107N19107,"Keokuk County, IA",0
19069,NCNTY19069N19069,"Franklin County, IA",0
19025,NCNTY19025N19025,"Calhoun County, IA",0
19161,NCNTY19161N19161,"Sac County, IA",0
19089,NCNTY19089N19089,"Howard County, IA",0
19063,NCNTY19063N19063,"Emmet County, IA",0
19073,NCNTY19073N19073,"Greene County, IA",0
19133,NCNTY19133N19133,"Monona County, IA",0
19053,NCNTY19053N19053,"Decatur County, IA",0
19177,NCNTY19177N19177,"Van Buren County, IA",0
19071,NCNTY19071N19071,"Fremont County, IA",0
19185,NCNTY19185N19185,"Wayne County, IA",0
19143,NCNTY19143N19143,"Osceola County, IA",0
19173,NCNTY19173N19173,"Taylor County, IA",0
19009,NCNTY19009N19009,"Audubon County, IA",0
19159,NCNTY19159N19159,"Ringgold County, IA",0
17035,NCNTY17035N17035,"Cumberland County, IL",0
31179,NCNTY31179N31179,"Wayne County, NE",0
39063,NCNTY39063N39063,"Hancock County, OH",0
31013,NCNTY31013N31013,"Box Butte County, NE",0
20053,NCNTY20053N20053,"Ellsworth County, KS",0
31035,NCNTY31035N31035,"Clay County, NE",0
31113,NCNTY31113N31113,"Logan County, NE",0
31117,NCNTY31117N31117,"McPherson County, NE",0
19147,NCNTY19147N19147,"Palo Alto County, IA",0
46119,NCNTY46119N46119,"Sully County, SD",0
27093,NCNTY27093N27093,"Meeker County, MN",0
46021,NCNTY46021N46021,"Campbell County, SD",0
18051,NCNTY18051N18051,"Gibson County, IN",0
46051,NCNTY46051N46051,"Grant County, SD",0
46057,NCNTY46057N46057,"Hamlin County, SD",0
46077,NCNTY46077N46077,"Kingsbury County, SD",0
46039,NCNTY46039N46039,"Deuel County, SD",0
46059,NCNTY46059N46059,"Hand County, SD",0
46069,NCNTY46069N46069,"Hyde County, SD",0
31033,NCNTY31033N31033,"Cheyenne County, NE",0
19047,NCNTY19047N19047,"Crawford County, IA",0
19091,NCNTY19091N19091,"Humboldt County, IA",0
48173,NCNTY48173N48173,"Glasscock County, TX",0
31039,NCNTY31039N31039,"Cuming County, NE",0
55091,NCNTY55091N55091,"Pepin County, WI",0
31141,NCNTY31141N31141,"Platte County, NE",0
39075,NCNTY39075N39075,"Holmes County, OH",0
56015,NCNTY56015N56015,"Goshen County, WY",0
2290,NCNTY02290N02290,"Yukon-Koyukuk Census Area, AK",0
55135,NCNTY55135N55135,"Waupaca County, WI",0
31089,NCNTY31089N31089,"Holt County, NE",0
20193,NCNTY20193N20193,"Thomas County, KS",0
18087,NCNTY18087N18087,"LaGrange County, IN",0
31175,NCNTY31175N31175,"Valley County, NE",0
19115,NCNTY19115N19115,"Louisa County, IA",0
27091,NCNTY27091N27091,"Martin County, MN",0
30087,NCNTY30087N30087,"Rosebud County, MT",0
30019,NCNTY30019N30019,"Daniels County, MT",0
17009,NCNTY17009N17009,"Brown County, IL",0
18179,NCNTY18179N18179,"Wells County, IN",0
51181,NCNTY51181N51181,"Surry County, VA",0
17139,NCNTY17139N17139,"Moultrie County, IL",0
27085,NCNTY27085N27085,"McLeod County, MN",0
29073,NCNTY29073N29073,"Gasconade County, MO",0
39069,NCNTY39069N39069,"Henry County, OH",0
19175,NCNTY19175N19175,"Union County, IA",0
19019,NCNTY19019N19019,"Buchanan County, IA",0
27143,NCNTY27143N27143,"Sibley County, MN",0
56017,NCNTY56017N56017,"Hot Springs County, WY",0
19081,NCNTY19081N19081,"Hancock County, IA",0
56001,NCNTY56001N56001,"Albany County, WY",0
8009,NCNTY08009N08009,"Baca County, CO",0
8115,NCNTY08115N08115,"Sedgwick County, CO",0
19001,NCNTY19001N19001,"Adair County, IA",0
19141,NCNTY19141N19141,"O'Brien County, IA",0
27097,NCNTY27097N27097,"Morrison County, MN",0
21167,NCNTY21167N21167,"Mercer County, KY",0
20069,NCNTY20069N20069,"Gray County, KS",0
17189,NCNTY17189N17189,"Washington County, IL",0
39107,NCNTY39107N39107,"Mercer County, OH",0
19097,NCNTY19097N19097,"Jackson County, IA",0
19151,NCNTY19151N19151,"Pocahontas County, IA",0
19195,NCNTY19195N19195,"Worth County, IA",0
27041,NCNTY27041N27041,"Douglas County, MN",0
49041,NCNTY49041N49041,"Sevier County, UT",0
49007,NCNTY49007N49007,"Carbon County, UT",0
49037,NCNTY49037N49037,"San Juan County, UT",0
49027,NCNTY49027N49027,"Millard County, UT",0
49015,NCNTY49015N49015,"Emery County, UT",0
49001,NCNTY49001N49001,"Beaver County, UT",0
49017,NCNTY49017N49017,"Garfield County, UT",0
49055,NCNTY49055N49055,"Wayne County, UT",0
49031,NCNTY49031N49031,"Piute County, UT",0
33007,NCNTY33007N33007,"Coos County, NH",0
31139,NCNTY31139N31139,"Pierce County, NE",0
20179,NCNTY20179N20179,"Sheridan County, KS",0
19095,NCNTY19095N19095,"Iowa County, IA",0
50009,NCNTY50009N50009,"Essex County, VT",0
31111,NCNTY31111N31111,"Lincoln County, NE",0
48335,NCNTY48335N48335,"Mitchell County, TX",0
19035,NCNTY19035N19035,"Cherokee County, IA",0
46091,NCNTY46091N46091,"Marshall County, SD",0
38041,NCNTY38041N38041,"Hettinger County, ND",0
20067,NCNTY20067N20067,"Grant County, KS",0
27153,NCNTY27153N27153,"Todd County, MN",0
27127,NCNTY27127N27127,"Redwood County, MN",0
27159,NCNTY27159N27159,"Wadena County, MN",0
27043,NCNTY27043N27043,"Faribault County, MN",0
27023,NCNTY27023N27023,"Chippewa County, MN",0
27071,NCNTY27071N27071,"Koochiching County, MN",0
27033,NCNTY27033N27033,"Cottonwood County, MN",0
27165,NCNTY27165N27165,"Watonwan County, MN",0
27151,NCNTY27151N27151,"Swift County, MN",0
27173,NCNTY27173N27173,"Yellow Medicine County, MN",0
27117,NCNTY27117N27117,"Pipestone County, MN",0
27029,NCNTY27029N27029,"Clearwater County, MN",0
27073,NCNTY27073N27073,"Lac qui Parle County, MN",0
27167,NCNTY27167N27167,"Wilkin County, MN",0
27107,NCNTY27107N27107,"Norman County, MN",0
27051,NCNTY27051N27051,"Grant County, MN",0
27081,NCNTY27081N27081,"Lincoln County, MN",0
27031,NCNTY27031N27031,"Cook County, MN",0
27087,NCNTY27087N27087,"Mahnomen County, MN",0
27011,NCNTY27011N27011,"Big Stone County, MN",0
27155,NCNTY27155N27155,"Traverse County, MN",0
27069,NCNTY27069N27069,"Kittson County, MN",0
48393,NCNTY48393N48393,"Roberts County, TX",0
27083,NCNTY27083N27083,"Lyon County, MN",0
27161,NCNTY27161N27161,"Waseca County, MN",0
27129,NCNTY27129N27129,"Renville County, MN",0
27063,NCNTY27063N27063,"Jackson County, MN",0
31027,NCNTY31027N31027,"Cedar County, NE",0
17049,NCNTY17049N17049,"Effingham County, IL",0
17107,NCNTY17107N17107,"Logan County, IL",0
2060,NCNTY02060N02060,"Bristol Bay Borough, AK",0
21179,NCNTY21179N21179,"Nelson County, KY",0
20195,NCNTY20195N20195,"Trego County, KS",0
31131,NCNTY31131N31131,"Otoe County, NE",0
56009,NCNTY56009N56009,"Converse County, WY",0
46101,NCNTY46101N46101,"Moody County, SD",0
2164,NCNTY02164N02164,"Lake and Peninsula Borough, AK",0
47127,NCNTY47127N47127,"Moore County, TN",0
20095,NCNTY20095N20095,"Kingman County, KS",0
56023,NCNTY56023N56023,"Lincoln County, WY",0
56011,NCNTY56011N56011,"Crook County, WY",0
20083,NCNTY20083N20083,"Hodgeman County, KS",0
27089,NCNTY27089N27089,"Marshall County, MN",0
46061,NCNTY46061N46061,"Hanson County, SD",0
18147,NCNTY18147N18147,"Spencer County, IN",0
20171,NCNTY20171N20171,"Scott County, KS",0
18037,NCNTY18037N18037,"Dubois County, IN",0
31059,NCNTY31059N31059,"Fillmore County, NE",0
31137,NCNTY31137N31137,"Phelps County, NE",0
27125,NCNTY27125N27125,"Red Lake County, MN",0
8017,NCNTY08017N08017,"Cheyenne County, CO",0
27101,NCNTY27101N27101,"Murray County, MN",0
19119,NCNTY19119N19119,"Lyon County, IA",0
19093,NCNTY19093N19093,"Ida County, IA",0
20051,NCNTY20051N20051,"Ellis County, KS",0
17085,NCNTY17085N17085,"Jo Daviess County, IL",0
40151,NCNTY40151N40151,"Woods County, OK",0
27049,NCNTY27049N27049,"Goodhue County, MN",0
17155,NCNTY17155N17155,"Putnam County, IL",0
31143,NCNTY31143N31143,"Polk County, NE",0
19031,NCNTY19031N19031,"Cedar County, IA",0
31081,NCNTY31081N31081,"Hamilton County, NE",0
46027,NCNTY46027N46027,"Clay County, SD",0
19165,NCNTY19165N19165,"Shelby County, IA",0
20031,NCNTY20031N20031,"Coffey County, KS",0
19055,NCNTY19055N19055,"Delaware County, IA",0
17103,NCNTY17103N17103,"Lee County, IL",0
31099,NCNTY31099N31099,"Kearney County, NE",0
31135,NCNTY31135N31135,"Perkins County, NE",0
19051,NCNTY19051N19051,"Davis County, IA",0
38089,NCNTY38089N38089,"Stark County, ND",0
27015,NCNTY27015N27015,"Brown County, MN",0
56041,NCNTY56041N56041,"Uinta County, WY",0
56003,NCNTY56003N56003,"Big Horn County, WY",0
56031,NCNTY56031N56031,"Platte County, WY",0
56043,NCNTY56043N56043,"Washakie County, WY",0
56027,NCNTY56027N56027,"Niobrara County, WY",0
38105,NCNTY38105N38105,"Williams County, ND",0
46013,NCNTY46013N46013,"Brown County, SD",0
39149,NCNTY39149N39149,"Shelby County, OH",0
19037,NCNTY19037N19037,"Chickasaw County, IA",0
20131,NCNTY20131N20131,"Nemaha County, KS",0
38083,NCNTY38083N38083,"Sheridan County, ND",0
38087,NCNTY38087N38087,"Slope County, ND",0
20199,NCNTY20199N20199,"Wallace County, KS",0
31073,NCNTY31073N31073,"Gosper County, NE",0
46079,NCNTY46079N46079,"Lake County, SD",0
46045,NCNTY46045N46045,"Edmunds County, SD",0
39011,NCNTY39011N39011,"Auglaize County, OH",0
56035,NCNTY56035N56035,"Sublette County, WY",0
39137,NCNTY39137N39137,"Putnam County, OH",0
19027,NCNTY19027N19027,"Carroll County, IA",0
46011,NCNTY46011N46011,"Brookings County, SD",0
19167,NCNTY19167N19167,"Sioux County, IA",0
46049,NCNTY46049N46049,"Faulk County, SD",0
19149,NCNTY19149N19149,"Plymouth County, IA",0
56037,NCNTY56037N56037,"Sweetwater County, WY",0
38009,NCNTY38009N38009,"Bottineau County, ND",0
19191,NCNTY19191N19191,"Winneshiek County, IA",0
38061,NCNTY38061N38061,"Mountrail County, ND",0
38093,NCNTY38093N38093,"Stutsman County, ND",0
38077,NCNTY38077N38077,"Richland County, ND",0
38079,NCNTY38079N38079,"Rolette County, ND",0
38099,NCNTY38099N38099,"Walsh County, ND",0
38055,NCNTY38055N38055,"McLean County, ND",0
38067,NCNTY38067N38067,"Pembina County, ND",0
38005,NCNTY38005N38005,"Benson County, ND",0
38073,NCNTY38073N38073,"Ransom County, ND",0
38021,NCNTY38021N38021,"Dickey County, ND",0
38045,NCNTY38045N38045,"LaMoure County, ND",0
38069,NCNTY38069N38069,"Pierce County, ND",0
38103,NCNTY38103N38103,"Wells County, ND",0
38085,NCNTY38085N38085,"Sioux County, ND",0
38081,NCNTY38081N38081,"Sargent County, ND",0
38019,NCNTY38019N38019,"Cavalier County, ND",0
38029,NCNTY38029N38029,"Emmons County, ND",0
38063,NCNTY38063N38063,"Nelson County, ND",0
38051,NCNTY38051N38051,"McIntosh County, ND",0
38043,NCNTY38043N38043,"Kidder County, ND",0
38027,NCNTY38027N38027,"Eddy County, ND",0
38039,NCNTY38039N38039,"Griggs County, ND",0
38037,NCNTY38037N38037,"Grant County, ND",0
38095,NCNTY38095N38095,"Towner County, ND",0
38047,NCNTY38047N38047,"Logan County, ND",0
38033,NCNTY38033N38033,"Golden Valley County, ND",0
27149,NCNTY27149N27149,"Stevens County, MN",0
38071,NCNTY38071N38071,"Ramsey County, ND",0
46065,NCNTY46065N46065,"Hughes County, SD",0
38057,NCNTY38057N38057,"Mercer County, ND",0
38003,NCNTY38003N38003,"Barnes County, ND",0
48301,NCNTY48301N48301,"Loving County, TX",0
48033,NCNTY48033N48033,"Borden County, TX",0
38049,NCNTY38049N38049,"McHenry County, ND",0
38023,NCNTY38023N38023,"Divide County, ND",0
38031,NCNTY38031N38031,"Foster County, ND",0
38075,NCNTY38075N38075,"Renville County, ND",0
38001,NCNTY38001N38001,"Adams County, ND",0
38091,NCNTY38091N38091,"Steele County, ND",0
49009,NCNTY49009N49009,"Daggett County, UT",0
38097,NCNTY38097N38097,"Traill County, ND",0
38011,NCNTY38011N38011,"Bowman County, ND",0
35028,NCNTY35028N35028,"Los Alamos County, NM",0
38013,NCNTY38013N38013,"Burke County, ND",0
38007,NCNTY38007N38007,"Billings County, ND",0
